Input,Output,Grid,Which,Index
3_1,0_1,"[[23, 12, 11, 2, 7, 29, 31, 4, 9, 18, 3, 16, 33, 27, 8, 6, 1, 34, 30, 14, 20, 28, 25, 38, 19, 13, 32, 36, 10, 17, 24, 26, 5, 37, 15, 0, 35, 22, 21, 39], [31, 9, 12, 34, 11, 23, 15, 7, 18, 16, 4, 21, 3, 33, 30, 5, 2, 6, 25, 13, 24, 1, 28, 32, 17, 36, 35, 38, 22, 20, 27, 29, 14, 10, 8, 39, 0, 19, 26, 37]]",r,18
3_1,4_1,"[[23, 12, 11, 2, 7, 29, 31, 4, 9, 18, 3, 16, 33, 27, 8, 6, 1, 34, 30, 14, 20, 28, 25, 38, 19, 13, 32, 36, 10, 17, 24, 26, 5, 37, 15, 0, 35, 22, 21, 39], [31, 9, 12, 34, 11, 23, 15, 7, 18, 16, 4, 21, 3, 33, 30, 5, 2, 6, 25, 13, 24, 1, 28, 32, 17, 36, 35, 38, 22, 20, 27, 29, 14, 10, 8, 39, 0, 19, 26, 37]]",r,27
3_1,5_2m,"[[23, 12, 11, 2, 7, 29, 31, 4, 9, 18, 3, 16, 33, 27, 8, 6, 1, 34, 30, 14, 20, 28, 25, 38, 19, 13, 32, 36, 10, 17, 24, 26, 5, 37, 15, 0, 35, 22, 21, 39], [31, 9, 12, 34, 11, 23, 15, 7, 18, 16, 4, 21, 3, 33, 30, 5, 2, 6, 25, 13, 24, 1, 28, 32, 17, 36, 35, 38, 22, 20, 27, 29, 14, 10, 8, 39, 0, 19, 26, 37]]",r,24
3_1,6_2,"[[20, 15, 23, 25, 30, 27, 10, 2, 43, 17, 18, 9, 19, 8, 46, 4, 0, 7, 21, 14, 11, 1, 5, 6, 45, 3, 38, 33, 32, 31, 29, 28, 22, 36, 34, 35, 39, 37, 42, 40, 26, 16, 41, 13, 12, 44, 24], [24, 23, 16, 27, 29, 30, 18, 4, 45, 20, 13, 0, 21, 9, 43, 19, 46, 6, 12, 8, 2, 42, 11, 5, 3, 7, 28, 35, 33, 32, 39, 14, 36, 31, 26, 38, 34, 1, 44, 37, 41, 17, 40, 15, 10, 22, 25]]",c,13
3_1,7_1,"[[26, 7, 18, 16, 17, 34, 35, 36, 0, 21, 8, 33, 20, 32, 11, 6, 4, 24, 25, 13, 29, 31, 22, 12, 19, 28, 27, 23, 9, 30, 5, 14, 1, 15, 3, 2, 10], [20, 10, 17, 9, 16, 8, 0, 1, 36, 13, 6, 30, 21, 33, 34, 4, 7, 22, 11, 25, 12, 32, 35, 5, 24, 19, 28, 27, 29, 26, 3, 23, 15, 18, 2, 31, 14]]",r,29
3_1,7_2,"[[16, 4, 24, 20, 11, 12, 9, 47, 8, 1, 39, 36, 46, 40, 42, 48, 51, 3, 30, 38, 33, 43, 27, 26, 28, 49, 31, 14, 0, 29, 44, 50, 35, 41, 32, 45, 37, 34, 25, 10, 21, 18, 19, 5, 6, 15, 22, 2, 23, 17, 7, 13], [10, 8, 38, 24, 12, 9, 16, 46, 39, 47, 1, 42, 35, 36, 19, 3, 49, 2, 26, 51, 30, 50, 33, 14, 29, 45, 28, 31, 41, 34, 43, 48, 11, 44, 0, 25, 32, 37, 27, 18, 23, 15, 21, 40, 5, 7, 13, 4, 22, 20, 6, 17]]",r,24
3_1,7_3,"[[15, 3, 7, 5, 14, 16, 37, 17, 11, 30, 36, 33, 32, 4, 23, 21, 25, 24, 20, 1, 10, 18, 0, 9, 29, 27, 28, 19, 12, 13, 2, 26, 22, 6, 35, 8, 31, 34], [8, 35, 6, 37, 7, 19, 23, 11, 20, 17, 14, 15, 33, 1, 25, 4, 24, 30, 32, 22, 0, 9, 36, 12, 18, 29, 27, 28, 13, 10, 3, 2, 31, 21, 34, 16, 26, 5]]",c,1
3_1,7_3m,"[[46, 55, 35, 24, 52, 34, 50, 56, 31, 54, 53, 51, 20, 2, 25, 22, 29, 3, 19, 40, 28, 4, 36, 15, 7, 38, 32, 26, 16, 17, 21, 0, 49, 11, 12, 5, 39, 1, 6, 14, 48, 41, 30, 44, 45, 42, 43, 9, 10, 37, 33, 23, 8, 27, 47, 13, 18], [35, 13, 18, 34, 20, 31, 52, 50, 30, 56, 54, 53, 16, 3, 27, 24, 28, 19, 36, 32, 26, 2, 38, 7, 5, 40, 29, 25, 17, 0, 15, 21, 39, 12, 8, 1, 22, 6, 4, 49, 43, 48, 33, 45, 41, 37, 11, 14, 9, 44, 55, 42, 10, 47, 46, 51, 23]]",c,40
3_1,7_5,"[[16, 4, 24, 20, 11, 12, 9, 47, 8, 1, 39, 36, 46, 40, 42, 48, 51, 3, 30, 38, 33, 43, 27, 26, 28, 49, 31, 14, 0, 29, 44, 50, 35, 41, 32, 45, 37, 34, 25, 10, 21, 18, 19, 5, 6, 15, 22, 2, 23, 17, 7, 13], [10, 8, 38, 24, 12, 9, 16, 46, 39, 47, 1, 42, 35, 36, 19, 3, 49, 2, 26, 51, 30, 50, 33, 14, 29, 45, 28, 31, 41, 34, 43, 48, 11, 44, 0, 25, 32, 37, 27, 18, 23, 15, 21, 40, 5, 7, 13, 4, 22, 20, 6, 17]]",r,25
3_1,7_5m,"[[13, 40, 15, 7, 36, 1, 0, 2, 38, 33, 28, 39, 19, 6, 30, 8, 21, 23, 24, 29, 32, 31, 34, 10, 26, 16, 35, 14, 22, 27, 11, 37, 5, 12, 17, 25, 20, 18, 9, 4, 3], [30, 3, 13, 9, 0, 6, 38, 36, 21, 1, 32, 31, 14, 7, 28, 19, 22, 34, 26, 24, 39, 23, 16, 35, 27, 18, 33, 10, 11, 25, 12, 8, 2, 20, 15, 40, 17, 29, 5, 37, 4]]",r,19
3_1,7_6,"[[10, 27, 39, 13, 11, 12, 14, 15, 29, 28, 25, 40, 22, 0, 6, 57, 7, 56, 51, 8, 43, 45, 55, 5, 33, 23, 24, 19, 32, 34, 16, 30, 1, 54, 50, 49, 38, 36, 52, 53, 35, 31, 9, 18, 44, 48, 47, 46, 42, 21, 17, 20, 2, 37, 3, 41, 4, 26], [9, 28, 41, 12, 13, 15, 16, 14, 34, 25, 29, 22, 21, 57, 5, 40, 6, 19, 0, 7, 51, 55, 56, 54, 23, 24, 3, 8, 45, 32, 33, 43, 47, 48, 1, 50, 36, 31, 49, 52, 38, 30, 18, 17, 39, 53, 46, 44, 37, 20, 11, 26, 35, 4, 2, 42, 10, 27]]",c,31
3_1,7_7m,"[[6, 8, 48, 23, 45, 17, 11, 4, 7, 36, 3, 25, 20, 21, 18, 35, 15, 34, 51, 19, 1, 33, 31, 44, 40, 47, 12, 10, 38, 14, 37, 13, 43, 42, 41, 5, 27, 39, 2, 32, 29, 50, 22, 0, 30, 28, 26, 49, 46, 9, 24, 16], [8, 24, 28, 6, 48, 11, 20, 30, 4, 35, 17, 10, 18, 19, 21, 33, 16, 37, 1, 15, 34, 27, 32, 47, 44, 39, 14, 12, 36, 13, 38, 40, 41, 45, 42, 50, 31, 43, 0, 25, 23, 46, 26, 5, 49, 7, 2, 29, 9, 3, 22, 51]]",c,48
3_1,8_2,"[[38, 25, 3, 36, 12, 17, 29, 18, 24, 28, 33, 0, 27, 35, 37, 30, 26, 11, 13, 20, 15, 1, 9, 19, 7, 14, 16, 10, 5, 22, 34, 21, 8, 31, 2, 6, 4, 23, 32], [3, 27, 34, 29, 10, 21, 28, 6, 17, 35, 0, 36, 33, 37, 24, 26, 4, 20, 19, 16, 13, 32, 22, 7, 1, 25, 15, 5, 14, 8, 23, 18, 11, 30, 38, 2, 12, 9, 31]]",c,20
3_1,8_2m,"[[32, 18, 38, 25, 3, 21, 7, 22, 20, 16, 5, 40, 4, 1, 24, 26, 28, 15, 29, 31, 30, 12, 10, 23, 14, 19, 6, 8, 17, 41, 0, 2, 42, 36, 13, 35, 9, 11, 33, 27, 39, 34, 37], [37, 23, 17, 22, 40, 30, 15, 26, 21, 25, 14, 4, 5, 3, 20, 29, 27, 39, 28, 6, 38, 18, 12, 24, 10, 16, 41, 19, 8, 42, 2, 1, 0, 7, 35, 33, 13, 9, 32, 11, 31, 36, 34]]",r,4
3_1,8_6m,"[[39, 46, 32, 33, 34, 35, 38, 51, 1, 49, 12, 31, 50, 28, 24, 29, 30, 3, 7, 42, 8, 0, 25, 45, 21, 52, 36, 11, 2, 43, 6, 48, 9, 47, 27, 44, 22, 23, 18, 4, 15, 40, 26, 16, 19, 37, 17, 14, 5, 10, 13, 20, 41], [41, 39, 38, 40, 33, 34, 35, 2, 49, 51, 28, 10, 20, 31, 23, 24, 29, 30, 0, 45, 7, 3, 26, 46, 25, 36, 21, 12, 52, 6, 8, 9, 11, 48, 47, 42, 44, 22, 16, 1, 4, 43, 27, 15, 5, 50, 18, 13, 14, 32, 17, 19, 37]]",c,36
3_1,8_7,"[[18, 21, 4, 14, 13, 37, 46, 6, 33, 39, 41, 11, 47, 40, 42, 16, 44, 12, 28, 26, 20, 9, 34, 23, 22, 27, 32, 30, 29, 8, 25, 17, 3, 36, 5, 15, 35, 31, 19, 38, 7, 10, 43, 45, 1, 0, 2, 24], [24, 19, 46, 13, 10, 32, 6, 38, 4, 44, 3, 14, 42, 33, 40, 47, 41, 2, 16, 28, 15, 26, 31, 17, 23, 30, 22, 29, 34, 20, 27, 11, 5, 37, 8, 36, 18, 12, 25, 35, 39, 9, 45, 7, 0, 43, 1, 21]]",c,16
3_1,8_12,"[[24, 27, 35, 25, 8, 30, 29, 33, 3, 5, 10, 22, 4, 18, 7, 36, 2, 14, 19, 15, 11, 13, 34, 16, 28, 6, 9, 23, 17, 31, 26, 32, 21, 20, 1, 12, 0], [20, 35, 29, 17, 25, 22, 30, 27, 5, 10, 8, 23, 2, 31, 4, 13, 3, 12, 26, 18, 9, 11, 15, 21, 34, 28, 7, 16, 14, 32, 36, 19, 24, 6, 33, 0, 1]]",r,26
3_1,8_13,"[[39, 42, 50, 41, 46, 20, 13, 52, 19, 10, 22, 37, 54, 15, 16, 8, 25, 26, 31, 55, 17, 4, 32, 14, 23, 56, 6, 34, 53, 21, 38, 29, 27, 28, 30, 36, 12, 11, 33, 24, 18, 35, 44, 7, 2, 1, 5, 3, 49, 48, 43, 40, 9, 0, 45, 47, 51], [23, 51, 45, 42, 50, 13, 12, 55, 10, 49, 39, 26, 15, 16, 17, 54, 37, 8, 32, 53, 19, 2, 34, 18, 25, 6, 4, 21, 20, 24, 35, 28, 36, 27, 29, 31, 1, 33, 30, 14, 22, 44, 43, 48, 5, 3, 7, 56, 38, 11, 40, 9, 0, 41, 47, 52, 46]]",r,22
3_1,8_19m,"[[48, 26, 16, 45, 13, 10, 15, 11, 4, 31, 12, 51, 22, 2, 27, 36, 3, 7, 17, 52, 50, 33, 44, 28, 23, 6, 39, 8, 29, 41, 43, 46, 25, 24, 20, 49, 38, 47, 9, 21, 40, 5, 42, 1, 32, 37, 34, 14, 19, 30, 0, 18, 35], [0, 29, 11, 10, 16, 13, 20, 12, 51, 27, 19, 2, 31, 47, 17, 33, 6, 3, 4, 50, 7, 28, 43, 44, 24, 23, 8, 9, 36, 49, 41, 39, 42, 25, 38, 46, 37, 48, 21, 22, 45, 52, 40, 5, 26, 34, 35, 15, 18, 32, 1, 14, 30]]",r,0
3_1,8_21m,"[[9, 27, 21, 18, 6, 12, 0, 20, 8, 19, 4, 28, 24, 1, 23, 26, 25, 15, 10, 17, 7, 11, 5, 29, 22, 16, 3, 14, 13, 2], [27, 2, 15, 19, 16, 6, 13, 22, 20, 24, 12, 0, 21, 29, 26, 25, 1, 10, 11, 18, 28, 7, 9, 3, 23, 14, 5, 17, 8, 4]]",c,26
3_1,3_1#3_1,"[[23, 12, 11, 2, 7, 29, 31, 4, 9, 18, 3, 16, 33, 27, 8, 6, 1, 34, 30, 14, 20, 28, 25, 38, 19, 13, 32, 36, 10, 17, 24, 26, 5, 37, 15, 0, 35, 22, 21, 39], [31, 9, 12, 34, 11, 23, 15, 7, 18, 16, 4, 21, 3, 33, 30, 5, 2, 6, 25, 13, 24, 1, 28, 32, 17, 36, 35, 38, 22, 20, 27, 29, 14, 10, 8, 39, 0, 19, 26, 37]]",r,0
3_1,3_1#3_1m,"[[23, 12, 11, 2, 7, 29, 31, 4, 9, 18, 3, 16, 33, 27, 8, 6, 1, 34, 30, 14, 20, 28, 25, 38, 19, 13, 32, 36, 10, 17, 24, 26, 5, 37, 15, 0, 35, 22, 21, 39], [31, 9, 12, 34, 11, 23, 15, 7, 18, 16, 4, 21, 3, 33, 30, 5, 2, 6, 25, 13, 24, 1, 28, 32, 17, 36, 35, 38, 22, 20, 27, 29, 14, 10, 8, 39, 0, 19, 26, 37]]",r,2
3_1,3_1m#3_1m,"[[39, 46, 32, 33, 34, 35, 38, 51, 1, 49, 12, 31, 50, 28, 24, 29, 30, 3, 7, 42, 8, 0, 25, 45, 21, 52, 36, 11, 2, 43, 6, 48, 9, 47, 27, 44, 22, 23, 18, 4, 15, 40, 26, 16, 19, 37, 17, 14, 5, 10, 13, 20, 41], [41, 39, 38, 40, 33, 34, 35, 2, 49, 51, 28, 10, 20, 31, 23, 24, 29, 30, 0, 45, 7, 3, 26, 46, 25, 36, 21, 12, 52, 6, 8, 9, 11, 48, 47, 42, 44, 22, 16, 1, 4, 43, 27, 15, 5, 50, 18, 13, 14, 32, 17, 19, 37]]",r,41
3_1,3_1#5_1,"[[10, 25, 13, 18, 38, 36, 23, 16, 33, 28, 32, 20, 34, 6, 39, 35, 21, 3, 40, 1, 41, 4, 19, 31, 37, 7, 14, 2, 11, 0, 12, 17, 8, 29, 27, 30, 15, 26, 9, 5, 22, 24], [13, 5, 38, 10, 41, 26, 18, 23, 36, 16, 34, 40, 33, 8, 35, 32, 20, 28, 37, 4, 6, 3, 17, 19, 39, 31, 11, 1, 21, 22, 9, 14, 30, 27, 12, 29, 2, 24, 7, 0, 15, 25]]",r,30
3_1,3_1#5_1m,"[[45, 31, 23, 40, 3, 7, 42, 6, 44, 22, 26, 46, 47, 38, 8, 4, 11, 18, 25, 14, 10, 9, 17, 33, 32, 0, 12, 13, 16, 27, 34, 2, 43, 29, 28, 19, 1, 15, 21, 36, 39, 37, 5, 41, 24, 20, 30, 35], [3, 35, 26, 42, 6, 5, 45, 7, 40, 46, 38, 0, 4, 43, 31, 2, 8, 11, 17, 34, 12, 16, 18, 32, 30, 28, 13, 19, 10, 33, 27, 9, 36, 47, 29, 14, 20, 21, 25, 15, 37, 41, 22, 1, 23, 44, 24, 39]]",r,30
3_1,3_1#5_2,"[[31, 26, 28, 22, 19, 0, 23, 24, 8, 39, 10, 14, 33, 20, 16, 1, 35, 34, 38, 6, 13, 40, 41, 17, 15, 2, 18, 12, 7, 9, 11, 5, 36, 29, 4, 37, 25, 27, 32, 30, 21, 42, 3], [26, 36, 21, 25, 20, 6, 42, 9, 10, 0, 24, 13, 35, 39, 18, 38, 23, 33, 5, 34, 8, 7, 40, 19, 17, 41, 12, 15, 32, 1, 22, 2, 37, 27, 14, 3, 16, 11, 29, 31, 30, 28, 4]]",c,25
3_1,3_1#5_2m,"[[43, 42, 21, 27, 39, 20, 11, 26, 19, 8, 9, 16, 32, 22, 18, 29, 35, 44, 31, 48, 33, 51, 37, 40, 49, 45, 34, 50, 47, 36, 24, 7, 17, 5, 6, 4, 10, 30, 52, 41, 15, 3, 14, 1, 0, 12, 23, 46, 28, 38, 25, 53, 2, 13], [42, 52, 51, 44, 20, 22, 39, 28, 18, 9, 0, 8, 33, 19, 16, 21, 37, 35, 29, 45, 31, 48, 32, 36, 50, 40, 30, 11, 49, 34, 27, 47, 15, 41, 5, 6, 17, 10, 3, 38, 7, 4, 13, 12, 26, 14, 24, 23, 25, 46, 53, 2, 1, 43]]",c,39
3_1,8_4m,"[[9, 6, 50, 26, 0, 52, 3, 8, 51, 38, 20, 39, 29, 27, 19, 14, 40, 41, 44, 43, 21, 25, 13, 35, 46, 32, 17, 22, 31, 34, 37, 36, 42, 53, 30, 33, 1, 11, 18, 49, 16, 48, 5, 45, 24, 15, 47, 10, 23, 12, 2, 28, 4, 7], [12, 4, 3, 28, 52, 51, 7, 6, 50, 27, 19, 29, 46, 20, 44, 48, 39, 40, 43, 41, 17, 13, 14, 34, 8, 35, 22, 49, 32, 30, 31, 37, 36, 1, 33, 53, 47, 42, 16, 0, 24, 45, 15, 26, 25, 11, 38, 5, 21, 10, 18, 23, 2, 9]]",r,46
3_1,8_9,"[[16, 5, 24, 4, 32, 1, 34, 33, 37, 36, 23, 30, 22, 25, 38, 29, 19, 31, 3, 26, 2, 14, 27, 20, 35, 7, 6, 9, 18, 11, 13, 8, 12, 10, 0, 21, 28, 15, 17], [5, 2, 4, 0, 28, 30, 3, 34, 32, 37, 29, 36, 31, 23, 33, 1, 14, 38, 19, 24, 6, 27, 9, 25, 26, 8, 7, 35, 20, 22, 17, 11, 10, 13, 18, 15, 12, 16, 21]]",c,34
3_1#3_1,3_1#4_1,"[[9, 15, 11, 12, 6, 3, 13, 17, 14, 19, 2, 0, 18, 8, 7, 5, 16, 1, 10, 4], [18, 1, 9, 15, 11, 12, 19, 2, 17, 3, 0, 13, 4, 10, 8, 6, 14, 5, 16, 7]]",r,8
3_1#3_1,3_1#5_2m,"[[13, 3, 14, 17, 10, 0, 6, 4, 5, 7, 1, 16, 15, 2, 9, 8, 12, 11], [15, 10, 1, 2, 6, 16, 4, 5, 7, 8, 0, 9, 12, 3, 11, 13, 14, 17]]",r,13
3_1#3_1,3_1#5_2m,"[[19, 10, 42, 17, 29, 36, 8, 41, 22, 35, 33, 49, 1, 51, 18, 24, 30, 44, 27, 46, 3, 20, 5, 23, 2, 37, 28, 47, 9, 12, 13, 7, 26, 31, 32, 45, 48, 25, 14, 15, 39, 40, 16, 21, 11, 50, 0, 6, 34, 43, 4, 38], [10, 17, 37, 15, 5, 33, 1, 38, 27, 41, 35, 44, 51, 18, 20, 30, 29, 9, 24, 48, 23, 46, 3, 16, 28, 36, 21, 22, 12, 13, 7, 8, 42, 49, 26, 43, 39, 32, 25, 14, 40, 45, 11, 31, 50, 0, 6, 4, 2, 47, 19, 34]]",r,1
3_1#3_1m,3_1#4_1,"[[3, 0, 5, 16, 4, 13, 12, 11, 9, 6, 7, 17, 15, 14, 10, 8, 2, 1], [7, 16, 4, 1, 13, 9, 14, 12, 11, 3, 0, 8, 6, 2, 15, 10, 17, 5]]",r,0
3_1#3_1m,8_5,"[[7, 1, 3, 6, 9, 5, 8, 17, 2, 15, 16, 13, 10, 11, 12, 4, 0, 14], [3, 9, 4, 1, 11, 7, 16, 13, 6, 17, 12, 14, 15, 10, 0, 2, 5, 8]]",r,7
3_1#3_1m,3_1#5_2,"[[11, 18, 19, 20, 12, 17, 16, 15, 8, 2, 7, 21, 6, 4, 13, 5, 9, 14, 10, 3, 0, 1], [19, 16, 18, 2, 17, 20, 15, 10, 1, 3, 8, 11, 7, 13, 14, 0, 6, 21, 12, 5, 9, 4]]",r,17
3_1#3_1m,8_19,"[[0, 11, 13, 3, 12, 14, 2, 6, 15, 16, 10, 9, 21, 18, 17, 8, 4, 1, 5, 7, 19, 20], [7, 13, 1, 17, 18, 2, 3, 14, 16, 10, 8, 19, 11, 15, 20, 9, 21, 5, 6, 4, 0, 12]]",r,14
3_1#4_1,0_1,"[[14, 17, 13, 8, 19, 18, 6, 9, 3, 0, 16, 5, 7, 11, 12, 15, 10, 2, 1, 4], [12, 8, 15, 3, 6, 19, 5, 10, 0, 16, 9, 17, 14, 18, 4, 11, 7, 13, 2, 1]]",r,0
3_1#4_1,4_1#4_1,"[[15, 16, 5, 9, 0, 6, 17, 14, 8, 12, 7, 4, 1, 2, 11, 3, 10, 13, 18], [18, 6, 14, 10, 12, 7, 15, 13, 17, 3, 4, 0, 2, 16, 1, 8, 11, 9, 5]]",r,7
3_1#4_1,3_1#5_2,"[[10, 12, 11, 0, 2, 3, 14, 13, 6, 15, 9, 8, 7, 17, 18, 19, 21, 16, 20, 5, 1, 4], [9, 11, 10, 6, 19, 20, 16, 17, 15, 14, 18, 7, 3, 8, 13, 21, 0, 12, 5, 4, 2, 1]]",r,9
3_1#4_1,3_1#5_2m,"[[33, 6, 75, 34, 62, 73, 61, 7, 44, 67, 0, 65, 26, 9, 25, 11, 24, 17, 5, 70, 72, 3, 2, 4, 69, 68, 74, 19, 30, 16, 12, 71, 31, 14, 10, 1, 29, 15, 47, 27, 32, 39, 40, 35, 66, 45, 58, 41, 42, 59, 63, 43, 36, 55, 18, 54, 52, 60, 51, 48, 46, 37, 50, 49, 21, 53, 22, 20, 38, 57, 13, 64, 56, 8, 28, 23], [34, 75, 73, 30, 56, 33, 62, 6, 61, 9, 5, 69, 65, 11, 23, 0, 17, 19, 44, 72, 4, 68, 3, 2, 70, 74, 1, 35, 71, 14, 16, 27, 47, 15, 8, 12, 31, 10, 41, 29, 54, 40, 32, 36, 64, 39, 38, 42, 43, 60, 59, 45, 63, 52, 13, 55, 48, 66, 58, 46, 49, 21, 53, 50, 22, 51, 20, 18, 37, 28, 24, 67, 57, 25, 26, 7]]",c,10
3_1#5_1,3_1#5_1m,"[[25, 0, 19, 21, 43, 48, 18, 2, 16, 30, 20, 14, 17, 36, 32, 15, 33, 23, 31, 27, 12, 37, 29, 35, 34, 28, 46, 11, 42, 47, 44, 9, 40, 41, 6, 10, 4, 8, 3, 38, 7, 45, 39, 13, 5, 22, 24, 26, 49, 1], [36, 5, 22, 18, 45, 1, 49, 10, 15, 12, 2, 30, 16, 33, 28, 23, 32, 27, 42, 20, 17, 35, 25, 29, 31, 34, 44, 47, 43, 46, 4, 41, 37, 40, 13, 9, 39, 19, 6, 7, 8, 11, 38, 14, 3, 26, 21, 24, 48, 0]]",r,35
3_1#5_1,8_17,"[[45, 42, 3, 53, 7, 49, 5, 12, 10, 30, 26, 29, 25, 8, 16, 1, 28, 0, 18, 19, 20, 22, 34, 52, 11, 4, 41, 21, 37, 32, 47, 33, 35, 24, 44, 43, 14, 40, 54, 36, 13, 27, 23, 38, 39, 31, 15, 17, 6, 50, 46, 9, 51, 48, 2, 55], [42, 48, 2, 55, 3, 7, 53, 5, 8, 29, 25, 26, 13, 12, 28, 52, 18, 31, 15, 20, 22, 1, 40, 41, 30, 21, 32, 19, 24, 33, 45, 35, 37, 27, 11, 47, 6, 16, 44, 34, 14, 23, 51, 39, 43, 36, 17, 46, 10, 38, 50, 0, 9, 54, 4, 49]]",r,16
3_1#5_1,6_3,"[[45, 14, 43, 36, 35, 24, 52, 42, 44, 51, 39, 15, 17, 11, 16, 29, 27, 26, 23, 22, 31, 25, 37, 4, 50, 3, 46, 47, 41, 38, 7, 32, 33, 30, 8, 9, 12, 2, 6, 49, 13, 0, 1, 18, 21, 40, 19, 20, 34, 48, 5, 28, 10], [14, 13, 42, 34, 43, 52, 44, 40, 15, 3, 11, 39, 51, 45, 20, 26, 23, 27, 24, 29, 22, 36, 35, 12, 41, 33, 47, 2, 38, 37, 8, 30, 32, 31, 9, 4, 6, 0, 21, 50, 7, 49, 10, 1, 19, 28, 18, 25, 48, 46, 16, 17, 5]]",r,1
3_1#5_2,0_1,"[[45, 0, 28, 35, 34, 4, 2, 12, 24, 14, 21, 27, 8, 26, 49, 53, 19, 3, 31, 32, 23, 25, 52, 51, 1, 29, 7, 9, 47, 13, 41, 40, 16, 22, 5, 11, 10, 39, 38, 15, 43, 36, 6, 17, 50, 18, 37, 46, 20, 33, 30, 42, 48, 44], [44, 35, 7, 46, 4, 2, 0, 3, 16, 12, 26, 24, 1, 25, 53, 51, 21, 19, 32, 34, 31, 23, 50, 52, 29, 27, 33, 47, 41, 9, 40, 22, 14, 17, 13, 15, 11, 38, 36, 8, 49, 37, 5, 18, 6, 20, 43, 48, 28, 10, 39, 45, 42, 30]]",c,27
4_1,5_2,"[[25, 51, 50, 31, 12, 36, 7, 28, 29, 34, 35, 32, 1, 53, 6, 8, 2, 20, 5, 3, 4, 11, 16, 17, 24, 46, 18, 14, 49, 33, 9, 55, 40, 37, 41, 19, 13, 47, 15, 44, 39, 27, 26, 48, 45, 43, 0, 23, 54, 52, 42, 22, 21, 30, 38, 10], [38, 50, 49, 25, 48, 31, 1, 34, 28, 37, 36, 35, 4, 51, 5, 10, 8, 53, 3, 2, 11, 6, 9, 16, 20, 44, 24, 18, 41, 27, 33, 14, 46, 55, 47, 13, 7, 40, 17, 15, 32, 26, 19, 45, 52, 42, 21, 43, 0, 54, 39, 23, 22, 29, 30, 12]]",r,23
4_1,6_3,"[[25, 51, 50, 31, 12, 36, 7, 28, 29, 34, 35, 32, 1, 53, 6, 8, 2, 20, 5, 3, 4, 11, 16, 17, 24, 46, 18, 14, 49, 33, 9, 55, 40, 37, 41, 19, 13, 47, 15, 44, 39, 27, 26, 48, 45, 43, 0, 23, 54, 52, 42, 22, 21, 30, 38, 10], [38, 50, 49, 25, 48, 31, 1, 34, 28, 37, 36, 35, 4, 51, 5, 10, 8, 53, 3, 2, 11, 6, 9, 16, 20, 44, 24, 18, 41, 27, 33, 14, 46, 55, 47, 13, 7, 40, 17, 15, 32, 26, 19, 45, 52, 42, 21, 43, 0, 54, 39, 23, 22, 29, 30, 12]]",r,2
4_1,7_1,"[[32, 21, 23, 38, 4, 26, 0, 37, 39, 33, 1, 29, 31, 36, 8, 5, 30, 17, 19, 11, 18, 27, 14, 20, 12, 15, 16, 10, 22, 13, 7, 2, 6, 24, 3, 9, 35, 28, 25, 34], [26, 1, 0, 2, 38, 29, 4, 36, 37, 31, 39, 35, 30, 25, 28, 18, 22, 32, 12, 7, 19, 23, 11, 27, 16, 14, 15, 8, 24, 10, 17, 5, 9, 20, 6, 13, 34, 21, 33, 3]]",r,4
4_1,7_4,"[[15, 19, 22, 49, 47, 27, 28, 51, 43, 8, 25, 38, 33, 34, 31, 52, 44, 40, 37, 42, 20, 1, 14, 21, 45, 7, 2, 50, 30, 39, 13, 10, 26, 3, 6, 18, 48, 24, 9, 29, 16, 11, 35, 17, 36, 41, 0, 4, 5, 23, 32, 46, 12], [12, 16, 19, 23, 46, 41, 47, 22, 37, 49, 28, 43, 38, 31, 27, 8, 48, 42, 40, 44, 14, 20, 15, 24, 39, 51, 7, 2, 34, 10, 30, 13, 45, 9, 3, 6, 50, 29, 11, 26, 18, 17, 36, 5, 33, 0, 1, 52, 4, 32, 21, 35, 25]]",r,6
4_1,7_5,"[[42, 53, 25, 26, 13, 38, 14, 54, 35, 33, 6, 8, 7, 2, 43, 44, 51, 16, 36, 11, 12, 19, 21, 15, 46, 20, 22, 52, 32, 34, 23, 1, 3, 5, 28, 9, 10, 27, 30, 29, 24, 31, 45, 49, 18, 17, 37, 40, 4, 55, 39, 0, 41, 50, 48, 47], [41, 0, 26, 13, 14, 46, 54, 12, 39, 35, 2, 9, 6, 8, 44, 7, 55, 19, 43, 16, 11, 21, 22, 52, 34, 23, 20, 51, 36, 32, 15, 5, 1, 10, 30, 3, 27, 28, 29, 24, 40, 45, 47, 50, 25, 18, 17, 37, 33, 4, 53, 31, 38, 42, 49, 48]]",r,29
4_1,8_1,"[[14, 15, 24, 33, 37, 34, 11, 29, 21, 18, 20, 32, 23, 36, 10, 13, 2, 4, 12, 0, 35, 6, 7, 17, 8, 16, 19, 26, 38, 9, 1, 31, 5, 27, 3, 28, 22, 30, 25], [22, 20, 33, 37, 34, 30, 10, 17, 11, 21, 18, 36, 19, 29, 13, 28, 4, 23, 35, 1, 0, 8, 15, 16, 9, 6, 24, 14, 2, 12, 7, 38, 32, 31, 5, 27, 3, 25, 26]]",r,24
4_1,8_6,"[[7, 2, 11, 40, 6, 3, 4, 19, 16, 15, 27, 55, 47, 20, 52, 34, 1, 54, 45, 49, 48, 29, 53, 35, 56, 50, 36, 28, 39, 44, 30, 43, 18, 22, 25, 26, 38, 13, 12, 41, 10, 14, 8, 33, 21, 23, 31, 24, 0, 17, 32, 37, 46, 51, 42, 5, 9, 57], [11, 34, 6, 30, 4, 42, 19, 16, 15, 2, 56, 9, 46, 27, 55, 29, 49, 48, 47, 50, 1, 45, 35, 38, 54, 44, 3, 13, 43, 52, 28, 41, 22, 26, 18, 10, 39, 25, 17, 40, 14, 8, 31, 36, 23, 20, 32, 21, 57, 24, 12, 33, 37, 0, 51, 7, 5, 53]]",r,29
4_1,8_7,"[[25, 39, 27, 32, 21, 23, 3, 2, 9, 0, 18, 15, 30, 40, 41, 17, 12, 11, 8, 16, 19, 6, 10, 13, 5, 14, 35, 29, 26, 38, 4, 22, 20, 28, 37, 31, 24, 7, 1, 33, 36, 34], [37, 0, 23, 27, 39, 25, 30, 32, 28, 33, 41, 21, 17, 2, 40, 15, 11, 7, 4, 3, 18, 16, 14, 10, 13, 6, 9, 12, 22, 34, 5, 29, 19, 26, 1, 20, 31, 8, 36, 24, 38, 35]]",c,9
4_1,8_10,"[[13, 47, 53, 36, 32, 33, 16, 12, 17, 48, 28, 26, 46, 7, 0, 18, 51, 19, 50, 38, 42, 39, 37, 25, 21, 20, 15, 27, 30, 29, 31, 23, 4, 2, 3, 22, 34, 43, 44, 10, 9, 8, 49, 5, 11, 14, 40, 6, 41, 35, 45, 52, 1, 24], [19, 45, 47, 48, 33, 13, 17, 0, 26, 7, 22, 28, 50, 14, 51, 12, 46, 18, 53, 29, 38, 24, 39, 37, 15, 21, 3, 32, 31, 30, 27, 20, 16, 4, 2, 36, 25, 42, 43, 41, 10, 9, 11, 1, 8, 49, 6, 5, 40, 34, 35, 44, 52, 23]]",c,12
4_1,8_11,"[[22, 8, 18, 15, 1, 6, 14, 31, 13, 17, 3, 47, 23, 7, 19, 21, 46, 35, 25, 16, 11, 2, 36, 10, 45, 20, 32, 9, 24, 40, 28, 34, 42, 38, 29, 43, 30, 33, 0, 27, 12, 41, 5, 26, 39, 37, 4, 44], [44, 12, 15, 14, 6, 10, 3, 32, 18, 31, 47, 5, 46, 13, 39, 19, 45, 25, 21, 11, 20, 9, 40, 16, 35, 36, 22, 24, 28, 34, 30, 42, 43, 0, 27, 38, 29, 37, 2, 26, 7, 1, 17, 33, 8, 23, 41, 4]]",r,1
4_1,8_15,"[[54, 4, 49, 7, 13, 41, 16, 18, 32, 38, 46, 29, 1, 12, 52, 17, 15, 14, 6, 11, 39, 30, 10, 9, 8, 44, 31, 43, 42, 28, 47, 35, 36, 37, 34, 33, 45, 56, 3, 2, 40, 5, 55, 25, 50, 53, 51, 23, 22, 24, 26, 21, 20, 19, 27, 48, 0], [49, 32, 48, 11, 7, 29, 18, 31, 38, 42, 17, 28, 0, 1, 6, 15, 13, 52, 8, 12, 37, 24, 39, 10, 9, 34, 30, 44, 43, 33, 45, 47, 35, 36, 46, 25, 40, 2, 5, 3, 41, 55, 53, 26, 54, 51, 50, 19, 23, 22, 16, 27, 21, 20, 4, 14, 56]]",r,10
4_1,3_1#4_1,"[[22, 23, 16, 5, 4, 49, 26, 19, 0, 46, 15, 2, 3, 37, 24, 34, 9, 35, 36, 44, 1, 33, 40, 42, 29, 41, 43, 39, 47, 25, 6, 20, 7, 13, 30, 8, 14, 28, 38, 45, 27, 21, 48, 32, 50, 10, 12, 11, 18, 17, 31], [19, 17, 12, 50, 0, 46, 4, 6, 3, 36, 37, 15, 13, 44, 26, 43, 1, 34, 35, 47, 2, 31, 39, 40, 33, 42, 41, 29, 5, 21, 20, 25, 32, 7, 27, 14, 9, 30, 45, 24, 8, 28, 49, 22, 48, 38, 11, 10, 16, 18, 23]]",r,16
4_1,8_2,"[[41, 25, 27, 38, 47, 30, 0, 33, 37, 55, 26, 21, 50, 20, 49, 23, 18, 52, 22, 7, 48, 6, 31, 53, 11, 10, 8, 12, 34, 28, 44, 39, 40, 2, 43, 36, 3, 16, 17, 13, 42, 15, 1, 54, 56, 5, 29, 9, 19, 51, 35, 4, 14, 24, 46, 45, 32], [29, 27, 34, 55, 45, 33, 47, 37, 26, 0, 36, 23, 49, 18, 48, 22, 6, 53, 20, 8, 31, 7, 30, 51, 12, 11, 10, 13, 52, 50, 40, 44, 41, 3, 39, 2, 4, 17, 21, 42, 43, 16, 15, 56, 32, 14, 38, 5, 25, 54, 24, 1, 19, 28, 9, 46, 35]]",r,12
4_1,8_17,"[[20, 24, 5, 7, 9, 26, 39, 37, 40, 44, 32, 31, 22, 29, 14, 34, 28, 35, 33, 42, 3, 36, 10, 18, 1, 19, 38, 0, 13, 41, 2, 11, 15, 12, 45, 23, 21, 6, 27, 25, 30, 43, 8, 4, 17, 16], [14, 13, 7, 9, 10, 20, 44, 40, 39, 38, 22, 28, 4, 32, 5, 37, 26, 34, 29, 25, 19, 42, 16, 12, 36, 18, 1, 35, 0, 45, 3, 41, 2, 11, 6, 24, 23, 21, 15, 30, 31, 33, 27, 8, 43, 17]]",r,5
5_1,0_1,"[[6, 8, 9, 3, 1, 13, 2, 19, 0, 21, 12, 16, 17, 4, 5, 11, 15, 14, 7, 18, 10, 20], [20, 10, 8, 18, 21, 19, 13, 6, 3, 16, 7, 17, 4, 5, 2, 14, 12, 15, 1, 9, 11, 0]]",r,3
5_1,5_1m,"[[17, 19, 7, 15, 0, 6, 11, 14, 4, 12, 20, 9, 13, 3, 1, 5, 8, 10, 2, 16, 18], [19, 18, 5, 8, 7, 0, 6, 4, 3, 14, 15, 13, 12, 2, 20, 1, 10, 17, 11, 9, 16]]",r,1
5_1,6_1m,"[[6, 8, 9, 3, 1, 13, 2, 19, 0, 21, 12, 16, 17, 4, 5, 11, 15, 14, 7, 18, 10, 20], [20, 10, 8, 18, 21, 19, 13, 6, 3, 16, 7, 17, 4, 5, 2, 14, 12, 15, 1, 9, 11, 0]]",r,0
5_1,7_2m,"[[6, 8, 9, 3, 1, 13, 2, 19, 0, 21, 12, 16, 17, 4, 5, 11, 15, 14, 7, 18, 10, 20], [20, 10, 8, 18, 21, 19, 13, 6, 3, 16, 7, 17, 4, 5, 2, 14, 12, 15, 1, 9, 11, 0]]",c,12
5_1,7_6,"[[11, 6, 13, 0, 12, 14, 9, 5, 7, 2, 3, 4, 8, 1, 16, 15, 10, 17], [4, 9, 14, 10, 8, 6, 1, 17, 5, 3, 13, 2, 7, 15, 12, 16, 11, 0]]",r,1
5_1,8_4m,"[[8, 9, 1, 0, 6, 5, 15, 3, 11, 4, 2, 10, 13, 17, 14, 7, 12, 16, 18], [0, 17, 15, 11, 7, 9, 10, 2, 5, 3, 6, 4, 18, 16, 12, 14, 8, 13, 1]]",r,13
5_1,8_5,"[[14, 11, 5, 4, 2, 9, 7, 12, 10, 8, 3, 6, 1, 13, 0], [12, 5, 2, 9, 4, 7, 8, 13, 3, 1, 14, 11, 10, 0, 6]]",r,6
5_1,8_20,"[[6, 8, 9, 3, 1, 13, 2, 19, 0, 21, 12, 16, 17, 4, 5, 11, 15, 14, 7, 18, 10, 20], [20, 10, 8, 18, 21, 19, 13, 6, 3, 16, 7, 17, 4, 5, 2, 14, 12, 15, 1, 9, 11, 0]]",r,14
5_1,8_20m,"[[16, 10, 14, 8, 5, 7, 11, 1, 15, 3, 18, 4, 0, 13, 6, 2, 9, 17, 12], [2, 8, 7, 3, 1, 0, 13, 15, 14, 16, 11, 6, 12, 9, 5, 18, 17, 4, 10]]",c,1
5_1,8_21m,"[[13, 10, 0, 4, 15, 5, 9, 3, 7, 14, 6, 16, 2, 8, 1, 12, 11], [12, 3, 2, 0, 11, 6, 4, 5, 1, 10, 15, 9, 14, 7, 16, 8, 13]]",r,8
5_1,3_1m#5_1,"[[4, 12, 7, 3, 5, 14, 2, 11, 19, 9, 10, 8, 1, 6, 20, 0, 21, 18, 17, 16, 15, 13], [7, 4, 2, 6, 21, 19, 3, 1, 18, 10, 11, 9, 5, 20, 0, 14, 16, 13, 12, 17, 8, 15]]",c,19
5_1,7_2,"[[16, 20, 8, 4, 44, 13, 19, 21, 39, 18, 23, 26, 41, 7, 37, 17, 11, 6, 15, 9, 40, 29, 28, 24, 27, 1, 22, 2, 3, 10, 12, 14, 0, 5, 43, 32, 42, 31, 25, 38, 33, 34, 36, 30, 35], [7, 22, 1, 8, 39, 4, 13, 44, 0, 6, 26, 41, 37, 18, 43, 21, 17, 25, 11, 29, 9, 24, 27, 28, 15, 5, 19, 14, 10, 12, 2, 42, 33, 3, 34, 23, 40, 20, 31, 36, 32, 30, 35, 38, 16]]",r,35
5_1,6_2,"[[24, 7, 27, 3, 4, 19, 0, 31, 34, 6, 38, 16, 36, 29, 1, 2, 17, 41, 32, 42, 30, 14, 22, 11, 18, 20, 21, 44, 12, 37, 8, 10, 33, 13, 15, 23, 43, 9, 35, 26, 25, 45, 40, 39, 28, 5], [27, 9, 16, 4, 40, 5, 6, 34, 0, 2, 30, 19, 38, 28, 29, 1, 36, 11, 42, 44, 32, 20, 31, 35, 12, 21, 22, 18, 8, 33, 15, 13, 10, 14, 23, 37, 41, 43, 25, 24, 17, 26, 39, 45, 3, 7]]",r,9
5_1,8_14m,"[[22, 34, 41, 1, 13, 5, 20, 11, 16, 18, 2, 3, 10, 6, 8, 4, 31, 7, 21, 44, 28, 0, 26, 36, 32, 9, 33, 17, 35, 12, 43, 27, 39, 15, 24, 30, 14, 40, 23, 25, 37, 19, 38, 42, 29], [2, 41, 27, 18, 40, 1, 8, 13, 0, 19, 37, 43, 11, 5, 7, 3, 22, 10, 20, 4, 31, 14, 23, 33, 28, 26, 32, 15, 29, 17, 12, 30, 36, 24, 16, 35, 9, 44, 42, 6, 38, 21, 34, 39, 25]]",c,11
5_1,4_1#4_1,"[[24, 7, 27, 3, 4, 19, 0, 31, 34, 6, 38, 16, 36, 29, 1, 2, 17, 41, 32, 42, 30, 14, 22, 11, 18, 20, 21, 44, 12, 37, 8, 10, 33, 13, 15, 23, 43, 9, 35, 26, 25, 45, 40, 39, 28, 5], [27, 9, 16, 4, 40, 5, 6, 34, 0, 2, 30, 19, 38, 28, 29, 1, 36, 11, 42, 44, 32, 20, 31, 35, 12, 21, 22, 18, 8, 33, 15, 13, 10, 14, 23, 37, 41, 43, 25, 24, 17, 26, 39, 45, 3, 7]]",r,10
5_1,3_1#5_1,"[[5, 25, 11, 28, 1, 6, 8, 13, 47, 45, 12, 41, 37, 35, 26, 40, 32, 39, 21, 31, 15, 24, 7, 38, 10, 9, 43, 14, 19, 46, 17, 16, 48, 20, 51, 22, 50, 4, 44, 23, 30, 3, 49, 0, 42, 2, 29, 27, 18, 34, 36, 33], [1, 28, 6, 11, 47, 3, 12, 20, 32, 24, 18, 40, 35, 36, 37, 45, 31, 41, 13, 17, 21, 9, 38, 46, 8, 10, 44, 7, 15, 48, 16, 14, 43, 42, 4, 23, 51, 22, 49, 30, 39, 0, 50, 2, 29, 5, 26, 19, 27, 33, 34, 25]]",r,45
5_1,3_1m#5_2m,"[[22, 9, 4, 39, 2, 35, 11, 34, 8, 13, 43, 3, 31, 48, 30, 46, 44, 49, 47, 26, 32, 50, 40, 0, 36, 28, 27, 45, 42, 25, 33, 19, 16, 14, 37, 24, 15, 23, 7, 29, 20, 10, 21, 5, 6, 18, 38, 17, 1, 41, 12], [29, 44, 35, 38, 4, 34, 2, 32, 3, 46, 41, 13, 18, 42, 31, 43, 40, 12, 49, 25, 28, 48, 47, 27, 26, 30, 36, 1, 45, 37, 9, 16, 24, 10, 33, 15, 50, 20, 8, 7, 21, 6, 19, 23, 5, 17, 11, 14, 0, 39, 22]]",r,0
5_2,0_1,"[[14, 4, 6, 11, 5, 15, 0, 7, 3, 2, 13, 16, 12, 9, 1, 10, 8, 17], [4, 5, 2, 10, 7, 17, 15, 0, 6, 16, 8, 13, 14, 1, 3, 12, 11, 9]]",r,11
5_2,6_1,"[[14, 4, 6, 11, 5, 15, 0, 7, 3, 2, 13, 16, 12, 9, 1, 10, 8, 17], [4, 5, 2, 10, 7, 17, 15, 0, 6, 16, 8, 13, 14, 1, 3, 12, 11, 9]]",r,14
5_2,6_2m,"[[14, 4, 6, 11, 5, 15, 0, 7, 3, 2, 13, 16, 12, 9, 1, 10, 8, 17], [4, 5, 2, 10, 7, 17, 15, 0, 6, 16, 8, 13, 14, 1, 3, 12, 11, 9]]",c,6
5_2,6_3,"[[14, 4, 6, 11, 5, 15, 0, 7, 3, 2, 13, 16, 12, 9, 1, 10, 8, 17], [4, 5, 2, 10, 7, 17, 15, 0, 6, 16, 8, 13, 14, 1, 3, 12, 11, 9]]",c,12
5_2,7_1m,"[[4, 9, 14, 8, 12, 15, 0, 11, 5, 7, 6, 2, 13, 1, 3, 10], [7, 13, 3, 11, 9, 0, 14, 6, 12, 1, 10, 8, 2, 5, 4, 15]]",c,2
5_2,7_5,"[[3, 5, 0, 10, 11, 8, 6, 7, 2, 1, 9, 4], [5, 10, 6, 1, 0, 7, 9, 11, 8, 4, 3, 2]]",r,4
5_2,7_5m,"[[11, 4, 18, 16, 1, 12, 15, 6, 5, 8, 3, 7, 2, 13, 17, 0, 10, 9, 14], [14, 16, 15, 18, 12, 13, 2, 1, 6, 9, 8, 10, 11, 3, 5, 4, 0, 7, 17]]",c,17
5_2,7_6m,"[[14, 17, 3, 2, 1, 15, 0, 4, 11, 13, 12, 8, 9, 6, 5, 7, 10, 20, 16, 19, 18], [3, 14, 5, 0, 20, 17, 7, 8, 13, 12, 2, 18, 4, 9, 11, 6, 15, 10, 1, 16, 19]]",r,15
5_2,8_6,"[[1, 11, 0, 10, 13, 2, 6, 14, 9, 7, 3, 5, 8, 12, 4], [0, 6, 9, 13, 14, 11, 4, 7, 5, 2, 8, 3, 12, 10, 1]]",c,3
5_2,8_9,"[[6, 10, 7, 11, 3, 18, 2, 15, 19, 12, 5, 4, 14, 9, 17, 0, 1, 16, 13, 8], [16, 5, 12, 10, 2, 3, 13, 9, 1, 19, 18, 6, 17, 11, 15, 4, 0, 14, 8, 7]]",r,3
5_2,8_14,"[[9, 15, 7, 5, 6, 10, 18, 3, 11, 8, 1, 2, 12, 4, 13, 17, 14, 0, 16], [10, 6, 5, 3, 16, 11, 8, 18, 4, 2, 0, 1, 7, 14, 12, 13, 17, 15, 9]]",c,17
5_2,8_19,"[[0, 1, 10, 9, 11, 6, 3, 12, 2, 15, 5, 14, 13, 8, 4, 7], [6, 14, 8, 10, 3, 1, 7, 13, 4, 9, 2, 5, 0, 11, 15, 12]]",r,6
5_2,8_21,"[[12, 1, 7, 0, 16, 14, 15, 8, 3, 9, 11, 5, 4, 6, 2, 13, 10], [1, 13, 16, 14, 9, 12, 2, 11, 0, 8, 6, 4, 3, 10, 7, 15, 5]]",r,8
5_2,3_1m#5_1m,"[[12, 11, 14, 13, 15, 1, 17, 4, 16, 8, 6, 5, 3, 2, 9, 7, 0, 10], [9, 13, 12, 16, 14, 17, 0, 7, 4, 1, 8, 6, 2, 5, 3, 15, 10, 11]]",r,4
5_2,3_1#5_2,"[[7, 5, 6, 4, 9, 2, 3, 8, 16, 12, 0, 15, 11, 1, 13, 10, 17, 14], [17, 8, 4, 5, 11, 1, 2, 16, 0, 10, 15, 9, 13, 12, 7, 14, 3, 6]]",r,3
5_2,3_1m#5_2,"[[14, 17, 3, 2, 1, 15, 0, 4, 11, 13, 12, 8, 9, 6, 5, 7, 10, 20, 16, 19, 18], [3, 14, 5, 0, 20, 17, 7, 8, 13, 12, 2, 18, 4, 9, 11, 6, 15, 10, 1, 16, 19]]",c,10
5_2,7_7,"[[10, 17, 14, 20, 18, 34, 33, 9, 6, 8, 13, 4, 3, 11, 0, 25, 41, 12, 22, 23, 7, 5, 28, 31, 15, 36, 35, 1, 2, 21, 24, 30, 39, 38, 26, 37, 19, 32, 29, 27, 16, 40], [40, 14, 20, 16, 17, 32, 38, 10, 33, 9, 19, 3, 11, 8, 41, 22, 1, 13, 15, 28, 5, 12, 25, 27, 4, 37, 36, 7, 0, 6, 31, 24, 2, 30, 29, 26, 23, 21, 34, 18, 39, 35]]",c,15
5_2,8_1m,"[[33, 25, 31, 0, 36, 37, 32, 30, 35, 29, 41, 17, 3, 26, 21, 24, 6, 20, 10, 18, 7, 13, 27, 23, 16, 22, 39, 38, 12, 1, 19, 11, 5, 2, 14, 8, 40, 34, 15, 28, 9, 4], [19, 4, 33, 16, 35, 1, 31, 32, 29, 10, 37, 8, 12, 28, 20, 25, 7, 22, 6, 21, 11, 3, 18, 24, 26, 23, 40, 39, 0, 27, 14, 13, 34, 41, 9, 5, 2, 38, 17, 30, 15, 36]]",c,3
5_2,8_2,"[[18, 45, 54, 35, 46, 50, 1, 11, 2, 17, 24, 30, 31, 42, 37, 36, 33, 23, 3, 32, 15, 22, 5, 40, 38, 14, 34, 44, 13, 9, 27, 61, 58, 41, 20, 0, 8, 10, 25, 12, 21, 47, 39, 48, 43, 60, 4, 55, 7, 6, 59, 56, 57, 52, 53, 62, 29, 28, 49, 16, 26, 19, 51], [19, 44, 46, 37, 50, 35, 31, 1, 18, 42, 30, 26, 24, 32, 36, 11, 43, 27, 7, 23, 22, 21, 9, 34, 39, 13, 38, 41, 15, 14, 25, 56, 61, 40, 58, 33, 12, 54, 20, 10, 8, 48, 55, 49, 4, 47, 5, 57, 6, 16, 62, 60, 59, 51, 52, 3, 28, 2, 53, 0, 29, 17, 45]]",r,22
5_2,8_5m,"[[53, 44, 46, 47, 42, 51, 48, 26, 45, 24, 49, 3, 0, 27, 50, 40, 41, 35, 12, 6, 34, 54, 19, 7, 8, 10, 32, 4, 2, 9, 5, 43, 17, 21, 11, 18, 14, 37, 15, 13, 22, 30, 28, 52, 39, 29, 1, 38, 23, 20, 25, 33, 31, 36, 16], [3, 42, 47, 53, 46, 49, 51, 27, 48, 26, 50, 0, 1, 16, 52, 12, 25, 34, 19, 8, 6, 5, 45, 30, 24, 7, 40, 54, 4, 2, 43, 37, 11, 29, 10, 17, 22, 41, 14, 15, 21, 28, 13, 44, 38, 39, 20, 35, 18, 23, 33, 31, 36, 32, 9]]",c,18
5_2,8_10,"[[19, 28, 33, 23, 40, 34, 31, 20, 16, 29, 41, 39, 8, 47, 4, 38, 26, 6, 15, 25, 12, 14, 13, 27, 37, 0, 22, 17, 44, 21, 43, 42, 45, 36, 32, 18, 5, 2, 7, 11, 46, 24, 3, 1, 48, 35, 10, 9, 30], [10, 23, 36, 20, 34, 33, 30, 16, 8, 41, 26, 47, 21, 0, 39, 37, 38, 12, 14, 35, 13, 17, 15, 22, 45, 44, 28, 31, 1, 25, 42, 27, 32, 5, 6, 11, 24, 4, 2, 7, 48, 18, 43, 46, 29, 40, 9, 3, 19]]",c,32
5_2,8_11m,"[[51, 49, 40, 15, 34, 8, 47, 31, 32, 26, 33, 11, 3, 6, 5, 54, 55, 4, 38, 36, 41, 14, 17, 53, 52, 42, 43, 22, 48, 2, 9, 19, 24, 25, 16, 21, 23, 46, 0, 35, 37, 20, 7, 13, 56, 1, 39, 57, 10, 12, 45, 29, 28, 30, 27, 44, 18, 50], [50, 40, 39, 26, 32, 12, 3, 7, 33, 56, 38, 51, 5, 34, 4, 48, 54, 6, 36, 17, 43, 10, 14, 55, 53, 41, 44, 20, 46, 9, 24, 22, 16, 23, 19, 47, 21, 42, 2, 37, 18, 27, 35, 15, 57, 0, 25, 1, 13, 11, 49, 31, 30, 29, 28, 45, 8, 52]]",r,43
5_2,8_15m,"[[3, 11, 28, 24, 21, 25, 20, 13, 32, 15, 1, 35, 31, 7, 34, 27, 30, 18, 4, 2, 22, 17, 16, 9, 12, 23, 14, 5, 19, 33, 8, 6, 0, 36, 10, 26, 29], [11, 1, 34, 25, 3, 27, 15, 32, 24, 13, 28, 31, 2, 20, 35, 36, 18, 22, 7, 14, 9, 4, 30, 19, 16, 17, 23, 12, 10, 6, 26, 0, 5, 29, 8, 21, 33]]",c,22
6_1,0_1,"[[6, 7, 23, 4, 25, 13, 55, 56, 0, 21, 15, 48, 8, 11, 20, 18, 3, 50, 51, 12, 14, 41, 1, 49, 2, 43, 36, 42, 46, 53, 29, 31, 26, 34, 35, 30, 38, 33, 27, 37, 39, 45, 40, 52, 16, 24, 32, 17, 22, 28, 44, 19, 47, 10, 54, 9, 5], [4, 53, 54, 43, 21, 6, 56, 0, 19, 20, 8, 25, 11, 14, 18, 15, 55, 51, 48, 3, 12, 13, 49, 50, 26, 31, 33, 38, 1, 46, 42, 34, 23, 36, 30, 37, 44, 35, 10, 39, 45, 40, 52, 28, 17, 27, 16, 22, 24, 32, 47, 29, 41, 5, 9, 7, 2]]",r,24
6_1,7_2,"[[6, 7, 23, 4, 25, 13, 55, 56, 0, 21, 15, 48, 8, 11, 20, 18, 3, 50, 51, 12, 14, 41, 1, 49, 2, 43, 36, 42, 46, 53, 29, 31, 26, 34, 35, 30, 38, 33, 27, 37, 39, 45, 40, 52, 16, 24, 32, 17, 22, 28, 44, 19, 47, 10, 54, 9, 5], [4, 53, 54, 43, 21, 6, 56, 0, 19, 20, 8, 25, 11, 14, 18, 15, 55, 51, 48, 3, 12, 13, 49, 50, 26, 31, 33, 38, 1, 46, 42, 34, 23, 36, 30, 37, 44, 35, 10, 39, 45, 40, 52, 28, 17, 27, 16, 22, 24, 32, 47, 29, 41, 5, 9, 7, 2]]",c,15
6_1,7_3,"[[24, 39, 34, 27, 20, 53, 42, 52, 49, 19, 50, 51, 15, 46, 31, 18, 56, 33, 17, 12, 43, 55, 22, 14, 48, 7, 16, 54, 2, 6, 3, 0, 5, 23, 57, 13, 4, 10, 11, 1, 47, 38, 40, 9, 28, 44, 35, 25, 21, 36, 45, 32, 26, 29, 30, 8, 41, 37], [19, 40, 37, 29, 24, 52, 38, 27, 42, 12, 51, 53, 18, 49, 46, 16, 1, 15, 22, 55, 28, 56, 20, 7, 43, 17, 14, 10, 54, 0, 4, 3, 6, 5, 47, 57, 2, 11, 13, 9, 41, 36, 8, 25, 44, 35, 21, 31, 23, 34, 48, 30, 32, 26, 33, 45, 50, 39]]",c,28
6_1,7_3m,"[[6, 7, 23, 4, 25, 13, 55, 56, 0, 21, 15, 48, 8, 11, 20, 18, 3, 50, 51, 12, 14, 41, 1, 49, 2, 43, 36, 42, 46, 53, 29, 31, 26, 34, 35, 30, 38, 33, 27, 37, 39, 45, 40, 52, 16, 24, 32, 17, 22, 28, 44, 19, 47, 10, 54, 9, 5], [4, 53, 54, 43, 21, 6, 56, 0, 19, 20, 8, 25, 11, 14, 18, 15, 55, 51, 48, 3, 12, 13, 49, 50, 26, 31, 33, 38, 1, 46, 42, 34, 23, 36, 30, 37, 44, 35, 10, 39, 45, 40, 52, 28, 17, 27, 16, 22, 24, 32, 47, 29, 41, 5, 9, 7, 2]]",r,0
6_1,7_6m,"[[6, 7, 23, 4, 25, 13, 55, 56, 0, 21, 15, 48, 8, 11, 20, 18, 3, 50, 51, 12, 14, 41, 1, 49, 2, 43, 36, 42, 46, 53, 29, 31, 26, 34, 35, 30, 38, 33, 27, 37, 39, 45, 40, 52, 16, 24, 32, 17, 22, 28, 44, 19, 47, 10, 54, 9, 5], [4, 53, 54, 43, 21, 6, 56, 0, 19, 20, 8, 25, 11, 14, 18, 15, 55, 51, 48, 3, 12, 13, 49, 50, 26, 31, 33, 38, 1, 46, 42, 34, 23, 36, 30, 37, 44, 35, 10, 39, 45, 40, 52, 28, 17, 27, 16, 22, 24, 32, 47, 29, 41, 5, 9, 7, 2]]",r,23
6_1,8_7,"[[24, 39, 34, 27, 20, 53, 42, 52, 49, 19, 50, 51, 15, 46, 31, 18, 56, 33, 17, 12, 43, 55, 22, 14, 48, 7, 16, 54, 2, 6, 3, 0, 5, 23, 57, 13, 4, 10, 11, 1, 47, 38, 40, 9, 28, 44, 35, 25, 21, 36, 45, 32, 26, 29, 30, 8, 41, 37], [19, 40, 37, 29, 24, 52, 38, 27, 42, 12, 51, 53, 18, 49, 46, 16, 1, 15, 22, 55, 28, 56, 20, 7, 43, 17, 14, 10, 54, 0, 4, 3, 6, 5, 47, 57, 2, 11, 13, 9, 41, 36, 8, 25, 44, 35, 21, 31, 23, 34, 48, 30, 32, 26, 33, 45, 50, 39]]",c,11
6_1,8_8m,"[[26, 21, 18, 24, 27, 17, 33, 10, 3, 1, 5, 43, 29, 32, 7, 0, 20, 11, 2, 42, 6, 8, 22, 35, 30, 34, 23, 12, 36, 38, 19, 40, 41, 28, 39, 31, 16, 37, 9, 25, 4, 13, 15, 14], [27, 19, 4, 20, 24, 7, 29, 5, 2, 33, 3, 1, 32, 25, 15, 10, 18, 42, 11, 6, 8, 36, 26, 34, 28, 30, 22, 23, 43, 35, 16, 38, 40, 31, 12, 37, 41, 39, 0, 17, 9, 21, 14, 13]]",r,38
6_1,8_10,"[[26, 21, 18, 24, 27, 17, 33, 10, 3, 1, 5, 43, 29, 32, 7, 0, 20, 11, 2, 42, 6, 8, 22, 35, 30, 34, 23, 12, 36, 38, 19, 40, 41, 28, 39, 31, 16, 37, 9, 25, 4, 13, 15, 14], [27, 19, 4, 20, 24, 7, 29, 5, 2, 33, 3, 1, 32, 25, 15, 10, 18, 42, 11, 6, 8, 36, 26, 34, 28, 30, 22, 23, 43, 35, 16, 38, 40, 31, 12, 37, 41, 39, 0, 17, 9, 21, 14, 13]]",r,4
6_1,8_11m,"[[25, 27, 29, 10, 15, 21, 18, 7, 26, 23, 19, 2, 35, 13, 1, 5, 14, 17, 20, 28, 30, 8, 37, 38, 4, 31, 32, 3, 34, 0, 24, 36, 33, 6, 22, 16, 12, 9, 11], [12, 16, 27, 29, 18, 23, 19, 10, 24, 26, 25, 1, 21, 8, 5, 13, 33, 36, 17, 30, 35, 38, 3, 37, 28, 32, 0, 4, 31, 2, 22, 34, 15, 11, 6, 20, 7, 14, 9]]",c,27
6_1,8_20,"[[18, 19, 29, 39, 54, 45, 32, 48, 11, 8, 5, 41, 43, 36, 37, 40, 25, 33, 34, 21, 12, 6, 15, 14, 22, 49, 46, 3, 27, 23, 1, 4, 10, 47, 9, 50, 57, 2, 38, 51, 42, 26, 52, 53, 28, 35, 31, 44, 7, 56, 55, 20, 0, 24, 13, 30, 17, 16], [19, 17, 39, 40, 2, 54, 33, 46, 24, 48, 43, 32, 41, 37, 45, 36, 15, 34, 11, 3, 21, 5, 14, 6, 25, 7, 9, 1, 26, 27, 23, 50, 22, 12, 10, 52, 51, 42, 57, 47, 38, 28, 53, 49, 35, 31, 13, 30, 8, 4, 44, 0, 56, 55, 16, 29, 20, 18]]",c,4
6_1,8_20m,"[[5, 7, 8, 45, 40, 10, 19, 15, 22, 24, 41, 21, 17, 44, 14, 9, 2, 0, 31, 3, 18, 6, 1, 20, 35, 39, 33, 13, 36, 16, 29, 37, 26, 4, 32, 25, 23, 42, 30, 34, 43, 11, 38, 27, 28, 12], [41, 5, 15, 42, 38, 19, 22, 17, 24, 21, 45, 18, 14, 8, 4, 16, 3, 26, 9, 31, 20, 7, 2, 23, 33, 37, 34, 12, 35, 13, 40, 36, 29, 6, 1, 27, 25, 32, 0, 44, 39, 10, 43, 28, 30, 11]]",r,20
6_1,8_14,"[[6, 3, 5, 1, 8, 15, 2, 11, 4, 0, 16, 14, 17, 9, 10, 12, 7, 13], [7, 1, 11, 4, 17, 6, 15, 8, 0, 10, 5, 16, 13, 14, 9, 2, 3, 12]]",c,0
6_1,3_1#3_1m,"[[13, 4, 14, 9, 3, 1, 6, 0, 8, 15, 7, 2, 5, 10, 11, 12], [1, 5, 13, 14, 11, 4, 0, 8, 15, 7, 10, 9, 12, 2, 6, 3]]",r,5
6_1,8_8,"[[17, 36, 10, 16, 42, 11, 12, 37, 7, 5, 39, 3, 35, 2, 15, 1, 31, 44, 38, 45, 9, 25, 22, 40, 41, 43, 8, 51, 24, 48, 46, 49, 47, 0, 33, 29, 13, 27, 4, 6, 50, 30, 23, 21, 19, 32, 26, 14, 20, 28, 18, 34], [28, 21, 17, 10, 37, 7, 11, 39, 15, 2, 40, 1, 16, 3, 14, 35, 41, 31, 44, 38, 8, 22, 23, 12, 43, 46, 13, 49, 25, 0, 47, 48, 51, 4, 29, 34, 45, 30, 5, 9, 6, 33, 50, 19, 26, 27, 18, 36, 32, 42, 20, 24]]",c,34
6_2,0_1,"[[3, 1, 0, 11, 8, 10, 12, 5, 13, 4, 6, 9, 7, 2], [11, 4, 3, 2, 5, 12, 13, 0, 6, 8, 1, 7, 10, 9]]",r,2
6_2,6_3,"[[1, 12, 13, 10, 3, 14, 7, 4, 8, 18, 5, 0, 6, 17, 11, 2, 9, 15, 16], [3, 1, 12, 13, 7, 18, 17, 14, 2, 16, 6, 4, 11, 0, 8, 9, 10, 5, 15]]",r,8
6_2,7_2,"[[6, 15, 16, 13, 21, 1, 0, 18, 7, 2, 9, 14, 12, 8, 19, 17, 11, 20, 5, 4, 10, 3], [15, 16, 19, 14, 0, 13, 1, 2, 9, 4, 11, 10, 21, 7, 8, 18, 20, 17, 12, 3, 6, 5]]",c,20
6_2,7_4m,"[[3, 1, 0, 11, 8, 10, 12, 5, 13, 4, 6, 9, 7, 2], [11, 4, 3, 2, 5, 12, 13, 0, 6, 8, 1, 7, 10, 9]]",c,7
6_2,7_5,"[[10, 4, 8, 5, 3, 1, 2, 11, 15, 13, 0, 14, 9, 12, 6, 7], [5, 7, 11, 8, 4, 15, 10, 12, 6, 3, 14, 13, 2, 0, 9, 1]]",r,6
6_2,7_5m,"[[1, 17, 11, 18, 13, 9, 12, 3, 8, 2, 4, 6, 7, 5, 19, 10, 16, 15, 14, 0], [2, 1, 16, 19, 6, 0, 5, 18, 9, 8, 3, 12, 11, 17, 10, 7, 15, 14, 13, 4]]",r,10
6_2,7_6,"[[1, 12, 13, 10, 3, 14, 7, 4, 8, 18, 5, 0, 6, 17, 11, 2, 9, 15, 16], [3, 1, 12, 13, 7, 18, 17, 14, 2, 16, 6, 4, 11, 0, 8, 9, 10, 5, 15]]",r,4
6_2,7_7,"[[10, 11, 13, 9, 2, 1, 6, 7, 5, 17, 0, 8, 3, 4, 14, 12, 16, 15], [2, 10, 0, 8, 13, 14, 12, 5, 3, 6, 17, 7, 11, 1, 9, 16, 15, 4]]",r,13
6_2,8_8,"[[10, 4, 8, 5, 3, 1, 2, 11, 15, 13, 0, 14, 9, 12, 6, 7], [5, 7, 11, 8, 4, 15, 10, 12, 6, 3, 14, 13, 2, 0, 9, 1]]",r,13
6_2,8_10m,"[[1, 12, 13, 10, 3, 14, 7, 4, 8, 18, 5, 0, 6, 17, 11, 2, 9, 15, 16], [3, 1, 12, 13, 7, 18, 17, 14, 2, 16, 6, 4, 11, 0, 8, 9, 10, 5, 15]]",c,11
6_2,8_13,"[[13, 12, 2, 5, 6, 4, 0, 1, 10, 11, 14, 7, 3, 9, 8], [12, 10, 13, 1, 5, 3, 4, 7, 11, 6, 2, 0, 9, 8, 14]]",r,4
6_2,8_13m,"[[8, 2, 1, 5, 12, 15, 3, 13, 16, 10, 0, 11, 6, 7, 9, 14, 4], [1, 0, 4, 11, 10, 16, 5, 14, 6, 2, 13, 15, 12, 8, 7, 9, 3]]",c,9
6_2,8_15m,"[[18, 20, 9, 11, 8, 1, 21, 6, 2, 5, 3, 13, 19, 17, 7, 15, 4, 16, 14, 12, 10, 0], [11, 0, 13, 21, 20, 17, 3, 7, 1, 9, 5, 19, 16, 4, 8, 14, 6, 15, 12, 10, 2, 18]]",r,7
6_2,8_16m,"[[10, 6, 3, 17, 5, 2, 11, 13, 15, 12, 4, 14, 9, 1, 0, 16, 8, 7], [12, 9, 5, 8, 6, 13, 16, 11, 17, 7, 14, 15, 4, 3, 1, 0, 10, 2]]",c,10
6_2,8_20,"[[1, 12, 13, 10, 3, 14, 7, 4, 8, 18, 5, 0, 6, 17, 11, 2, 9, 15, 16], [3, 1, 12, 13, 7, 18, 17, 14, 2, 16, 6, 4, 11, 0, 8, 9, 10, 5, 15]]",r,9
6_2,3_1m#5_2,"[[16, 15, 0, 8, 12, 14, 1, 4, 2, 3, 9, 10, 13, 17, 11, 7, 6, 5], [15, 0, 7, 10, 14, 1, 9, 11, 5, 4, 3, 16, 12, 13, 2, 17, 8, 6]]",c,1
6_2,8_12,"[[19, 26, 29, 7, 9, 32, 22, 18, 27, 4, 39, 8, 34, 5, 40, 36, 17, 2, 41, 10, 12, 11, 38, 23, 14, 13, 33, 6, 1, 37, 21, 3, 35, 20, 0, 30, 15, 31, 28, 25, 24, 16], [18, 6, 26, 12, 7, 24, 16, 29, 39, 32, 34, 4, 33, 2, 8, 22, 36, 40, 9, 5, 11, 17, 41, 13, 38, 14, 37, 30, 3, 0, 23, 35, 15, 10, 1, 21, 19, 25, 31, 27, 28, 20]]",c,6
6_3,7_1,"[[5, 18, 6, 47, 37, 15, 56, 1, 61, 59, 13, 14, 60, 34, 38, 39, 3, 30, 33, 42, 44, 55, 46, 35, 36, 17, 57, 31, 32, 40, 9, 58, 12, 8, 4, 23, 25, 22, 20, 21, 45, 27, 2, 48, 54, 49, 24, 16, 41, 26, 19, 43, 50, 53, 52, 29, 0, 51, 28, 7, 10, 11], [6, 15, 7, 56, 38, 5, 1, 61, 59, 3, 60, 13, 58, 35, 39, 42, 18, 37, 30, 40, 34, 44, 41, 36, 33, 14, 46, 32, 28, 23, 12, 57, 2, 17, 8, 22, 24, 20, 21, 25, 48, 45, 4, 9, 47, 54, 49, 26, 16, 19, 0, 27, 55, 50, 53, 31, 29, 52, 51, 10, 11, 43]]",r,26
6_3,7_6,"[[44, 33, 24, 14, 31, 28, 38, 52, 54, 0, 1, 26, 3, 27, 2, 11, 53, 6, 34, 39, 4, 5, 41, 40, 47, 51, 10, 50, 37, 20, 17, 46, 45, 29, 36, 32, 42, 19, 35, 15, 18, 43, 7, 9, 25, 16, 12, 13, 48, 49, 8, 23, 21, 22, 30], [0, 24, 27, 16, 33, 54, 2, 9, 52, 6, 41, 25, 1, 34, 3, 26, 50, 28, 38, 47, 37, 4, 39, 12, 53, 5, 45, 51, 40, 11, 19, 32, 46, 30, 35, 36, 29, 21, 43, 18, 17, 42, 15, 7, 10, 8, 14, 49, 44, 48, 13, 20, 22, 23, 31]]",c,41
6_3,7_7,"[[44, 33, 24, 14, 31, 28, 38, 52, 54, 0, 1, 26, 3, 27, 2, 11, 53, 6, 34, 39, 4, 5, 41, 40, 47, 51, 10, 50, 37, 20, 17, 46, 45, 29, 36, 32, 42, 19, 35, 15, 18, 43, 7, 9, 25, 16, 12, 13, 48, 49, 8, 23, 21, 22, 30], [0, 24, 27, 16, 33, 54, 2, 9, 52, 6, 41, 25, 1, 34, 3, 26, 50, 28, 38, 47, 37, 4, 39, 12, 53, 5, 45, 51, 40, 11, 19, 32, 46, 30, 35, 36, 29, 21, 43, 18, 17, 42, 15, 7, 10, 8, 14, 49, 44, 48, 13, 20, 22, 23, 31]]",r,3
6_3,8_4,"[[23, 24, 11, 20, 12, 22, 9, 37, 2, 30, 0, 8, 33, 38, 40, 14, 32, 4, 26, 16, 25, 36, 29, 39, 35, 5, 21, 28, 27, 18, 31, 6, 3, 17, 10, 1, 19, 34, 13, 15, 7], [24, 1, 7, 22, 13, 23, 8, 25, 37, 28, 2, 0, 38, 39, 4, 16, 36, 5, 29, 20, 17, 33, 32, 31, 34, 18, 15, 27, 35, 21, 3, 10, 40, 11, 9, 26, 30, 6, 19, 12, 14]]",r,15
6_3,8_14,"[[4, 30, 7, 46, 16, 17, 12, 35, 15, 33, 14, 2, 21, 5, 10, 39, 34, 32, 1, 29, 19, 47, 22, 44, 6, 9, 40, 50, 25, 11, 31, 0, 23, 18, 27, 13, 36, 24, 41, 42, 49, 48, 26, 28, 3, 37, 20, 45, 38, 8, 43], [7, 25, 8, 17, 15, 18, 16, 30, 20, 14, 21, 1, 19, 4, 5, 32, 47, 34, 49, 33, 22, 29, 6, 50, 2, 12, 44, 46, 36, 39, 37, 40, 24, 13, 42, 23, 31, 26, 11, 43, 48, 10, 28, 27, 0, 38, 35, 41, 45, 3, 9]]",r,3
6_3,8_15,"[[10, 11, 30, 24, 23, 2, 32, 5, 22, 26, 9, 35, 1, 14, 34, 27, 7, 20, 12, 19, 3, 0, 16, 8, 6, 37, 4, 13, 33, 18, 15, 17, 21, 36, 25, 28, 31, 29], [23, 10, 28, 1, 22, 5, 37, 9, 26, 32, 14, 27, 11, 33, 35, 20, 6, 21, 34, 16, 0, 2, 3, 7, 4, 8, 18, 36, 13, 15, 17, 12, 19, 25, 30, 29, 24, 31]]",r,15
6_3,8_17,"[[52, 5, 42, 30, 31, 27, 9, 25, 46, 32, 12, 11, 35, 34, 38, 37, 19, 39, 29, 26, 33, 3, 40, 2, 50, 51, 55, 17, 48, 41, 23, 0, 22, 20, 36, 4, 21, 18, 10, 28, 7, 44, 15, 13, 16, 47, 49, 24, 45, 14, 54, 1, 53, 6, 43, 8], [54, 4, 52, 27, 32, 46, 31, 3, 42, 34, 19, 12, 37, 35, 36, 38, 29, 21, 26, 39, 41, 2, 44, 53, 51, 33, 48, 16, 50, 40, 25, 55, 20, 23, 22, 28, 8, 17, 18, 0, 5, 24, 30, 7, 14, 45, 11, 10, 49, 15, 1, 47, 43, 9, 13, 6]]",r,31
6_3,8_21,"[[3, 6, 8, 12, 15, 1, 9, 20, 32, 35, 34, 30, 33, 16, 27, 19, 28, 29, 21, 17, 31, 14, 25, 36, 13, 2, 26, 0, 37, 10, 22, 5, 39, 4, 38, 7, 23, 24, 11, 18], [7, 2, 15, 34, 12, 6, 1, 35, 33, 32, 37, 29, 27, 13, 31, 21, 25, 39, 22, 14, 30, 28, 20, 16, 17, 26, 24, 9, 10, 5, 0, 3, 11, 23, 36, 4, 18, 38, 8, 19]]",c,12
7_1,0_1,"[[53, 16, 1, 55, 50, 19, 13, 0, 11, 6, 3, 17, 4, 26, 52, 29, 31, 12, 51, 44, 30, 18, 14, 45, 54, 28, 49, 43, 20, 32, 5, 35, 23, 2, 36, 34, 41, 42, 10, 33, 40, 39, 47, 9, 48, 46, 27, 25, 8, 21, 38, 37, 24, 15, 22, 7], [15, 39, 11, 2, 33, 55, 19, 12, 4, 0, 6, 25, 3, 31, 48, 27, 29, 36, 17, 49, 26, 30, 18, 44, 52, 32, 54, 13, 14, 23, 45, 34, 20, 5, 35, 28, 43, 41, 9, 40, 10, 42, 46, 1, 47, 51, 38, 24, 22, 7, 37, 53, 21, 16, 50, 8]]",r,2
7_1,7_5m,"[[53, 16, 1, 55, 50, 19, 13, 0, 11, 6, 3, 17, 4, 26, 52, 29, 31, 12, 51, 44, 30, 18, 14, 45, 54, 28, 49, 43, 20, 32, 5, 35, 23, 2, 36, 34, 41, 42, 10, 33, 40, 39, 47, 9, 48, 46, 27, 25, 8, 21, 38, 37, 24, 15, 22, 7], [15, 39, 11, 2, 33, 55, 19, 12, 4, 0, 6, 25, 3, 31, 48, 27, 29, 36, 17, 49, 26, 30, 18, 44, 52, 32, 54, 13, 14, 23, 45, 34, 20, 5, 35, 28, 43, 41, 9, 40, 10, 42, 46, 1, 47, 51, 38, 24, 22, 7, 37, 53, 21, 16, 50, 8]]",r,29
7_1,7_7m,"[[24, 10, 3, 15, 39, 38, 11, 5, 27, 4, 0, 31, 40, 2, 34, 7, 14, 18, 25, 35, 13, 12, 37, 1, 28, 8, 26, 32, 33, 36, 29, 20, 9, 6, 21, 23, 22, 19, 16, 30, 17], [28, 11, 7, 27, 0, 39, 16, 23, 1, 38, 31, 34, 35, 18, 40, 5, 10, 19, 20, 14, 17, 13, 29, 6, 4, 12, 37, 36, 30, 33, 25, 32, 26, 8, 2, 22, 24, 9, 15, 3, 21]]",r,37
7_1,8_1m,"[[53, 16, 1, 55, 50, 19, 13, 0, 11, 6, 3, 17, 4, 26, 52, 29, 31, 12, 51, 44, 30, 18, 14, 45, 54, 28, 49, 43, 20, 32, 5, 35, 23, 2, 36, 34, 41, 42, 10, 33, 40, 39, 47, 9, 48, 46, 27, 25, 8, 21, 38, 37, 24, 15, 22, 7], [15, 39, 11, 2, 33, 55, 19, 12, 4, 0, 6, 25, 3, 31, 48, 27, 29, 36, 17, 49, 26, 30, 18, 44, 52, 32, 54, 13, 14, 23, 45, 34, 20, 5, 35, 28, 43, 41, 9, 40, 10, 42, 46, 1, 47, 51, 38, 24, 22, 7, 37, 53, 21, 16, 50, 8]]",r,6
7_1,8_2,"[[16, 17, 40, 25, 10, 4, 21, 65, 57, 59, 58, 60, 62, 8, 6, 13, 44, 67, 0, 11, 3, 15, 46, 23, 51, 7, 66, 49, 54, 50, 27, 5, 12, 63, 53, 41, 52, 1, 47, 48, 26, 55, 64, 24, 14, 32, 33, 28, 45, 34, 29, 42, 30, 38, 43, 36, 31, 39, 37, 18, 35, 20, 2, 9, 22, 56, 19, 61], [17, 10, 57, 16, 9, 21, 25, 44, 61, 62, 59, 58, 63, 6, 11, 67, 60, 0, 2, 7, 46, 13, 53, 22, 23, 15, 49, 51, 50, 52, 12, 3, 8, 5, 48, 45, 26, 66, 1, 47, 41, 64, 54, 14, 28, 33, 34, 32, 42, 29, 30, 43, 31, 27, 65, 38, 35, 37, 36, 4, 39, 19, 40, 24, 20, 55, 18, 56]]",c,0
7_1,8_4m,"[[22, 11, 42, 9, 19, 21, 15, 27, 5, 13, 18, 16, 14, 34, 26, 30, 31, 36, 8, 25, 7, 6, 23, 24, 28, 17, 10, 40, 1, 4, 0, 39, 2, 37, 12, 44, 29, 33, 43, 3, 35, 38, 41, 32, 20], [42, 18, 5, 39, 7, 20, 16, 22, 38, 15, 31, 11, 13, 33, 23, 36, 30, 34, 10, 19, 6, 32, 28, 8, 25, 14, 17, 43, 24, 2, 4, 37, 1, 44, 21, 40, 26, 35, 29, 9, 12, 41, 0, 27, 3]]",r,0
7_1,8_11,"[[6, 17, 42, 47, 9, 0, 28, 33, 21, 31, 43, 39, 20, 35, 25, 32, 36, 29, 34, 22, 37, 41, 19, 38, 24, 23, 14, 44, 40, 16, 8, 27, 18, 13, 1, 2, 10, 15, 3, 7, 51, 49, 26, 50, 48, 11, 4, 5, 46, 30, 45, 12], [39, 19, 9, 45, 12, 47, 22, 31, 20, 21, 11, 43, 32, 25, 36, 35, 34, 28, 37, 5, 29, 38, 14, 26, 41, 24, 16, 42, 44, 2, 48, 23, 27, 15, 51, 10, 8, 18, 4, 1, 50, 46, 40, 49, 30, 3, 7, 6, 0, 33, 13, 17]]",r,5
7_2,0_1,"[[2, 1, 3, 4, 22, 6, 14, 11, 13, 20, 19, 15, 18, 16, 0, 7, 23, 5, 24, 17, 10, 9, 21, 8, 12], [21, 3, 5, 1, 4, 11, 10, 18, 14, 15, 16, 13, 20, 7, 24, 0, 19, 23, 6, 2, 9, 8, 22, 12, 17]]",c,20
7_2,8_1,"[[2, 1, 3, 4, 22, 6, 14, 11, 13, 20, 19, 15, 18, 16, 0, 7, 23, 5, 24, 17, 10, 9, 21, 8, 12], [21, 3, 5, 1, 4, 11, 10, 18, 14, 15, 16, 13, 20, 7, 24, 0, 19, 23, 6, 2, 9, 8, 22, 12, 17]]",r,15
7_2,8_6m,"[[9, 1, 11, 8, 4, 2, 3, 7, 6, 10, 5, 0], [6, 2, 7, 1, 9, 5, 4, 3, 10, 0, 11, 8]]",r,0
7_2,8_2m,"[[6, 3, 32, 46, 28, 14, 10, 15, 34, 49, 1, 50, 16, 11, 9, 8, 12, 22, 13, 25, 24, 0, 21, 20, 36, 18, 39, 17, 23, 33, 29, 26, 30, 43, 31, 35, 5, 4, 27, 47, 48, 19, 45, 37, 38, 44, 2, 41, 40, 7, 42], [46, 2, 28, 47, 49, 7, 6, 34, 26, 23, 50, 0, 20, 15, 10, 12, 13, 16, 9, 22, 25, 11, 18, 21, 39, 8, 17, 19, 27, 36, 33, 24, 35, 48, 30, 37, 4, 43, 31, 45, 3, 14, 29, 38, 44, 40, 1, 42, 41, 32, 5]]",c,22
7_2,8_7,"[[10, 3, 2, 6, 4, 14, 1, 12, 11, 8, 5, 15, 9, 0, 13, 7, 16], [11, 0, 5, 3, 14, 1, 10, 9, 8, 7, 4, 16, 15, 12, 2, 6, 13]]",c,14
7_2,8_8m,"[[12, 20, 17, 18, 16, 3, 23, 11, 13, 22, 21, 9, 10, 1, 4, 19, 24, 2, 25, 6, 0, 8, 5, 15, 7, 14], [10, 22, 21, 17, 18, 16, 14, 3, 11, 23, 0, 6, 9, 25, 19, 20, 2, 5, 24, 8, 4, 1, 7, 13, 15, 12]]",c,15
7_2,3_1m#4_1,"[[5, 3, 1, 11, 2, 6, 4, 10, 9, 13, 12, 8, 7, 0, 14], [2, 1, 0, 5, 4, 3, 7, 13, 8, 6, 9, 14, 12, 11, 10]]",c,5
7_2,8_11,"[[30, 39, 9, 14, 52, 32, 27, 7, 19, 40, 25, 13, 21, 20, 24, 15, 17, 44, 8, 48, 47, 50, 51, 1, 0, 4, 6, 12, 16, 29, 46, 36, 22, 49, 33, 34, 23, 2, 28, 26, 3, 43, 45, 31, 38, 37, 42, 41, 54, 10, 11, 5, 55, 35, 18, 53], [32, 35, 52, 7, 5, 27, 24, 13, 25, 20, 40, 18, 17, 21, 23, 9, 15, 16, 29, 49, 48, 47, 50, 0, 2, 1, 4, 6, 8, 38, 22, 37, 36, 46, 34, 44, 28, 45, 33, 30, 51, 10, 43, 26, 41, 12, 39, 42, 53, 11, 31, 55, 54, 14, 19, 3]]",r,39
7_2,8_14m,"[[29, 10, 50, 28, 39, 6, 7, 8, 33, 49, 37, 1, 9, 53, 40, 0, 4, 47, 44, 3, 34, 46, 51, 52, 32, 22, 13, 18, 21, 2, 38, 42, 36, 14, 48, 17, 11, 5, 43, 35, 16, 27, 23, 15, 24, 19, 20, 26, 30, 31, 25, 45, 12, 41], [31, 7, 51, 53, 37, 5, 6, 9, 39, 46, 40, 8, 25, 49, 41, 4, 1, 52, 2, 0, 30, 47, 3, 32, 34, 23, 42, 13, 22, 18, 43, 36, 38, 17, 44, 16, 14, 11, 50, 48, 27, 29, 35, 20, 21, 10, 19, 28, 33, 26, 12, 24, 15, 45]]",r,34
7_3,0_1,"[[0, 1, 3, 14, 13, 11, 4, 12, 10, 17, 9, 18, 16, 15, 19, 21, 20, 22, 2, 6, 7, 8, 5], [3, 14, 4, 13, 15, 18, 5, 19, 12, 22, 10, 16, 17, 9, 21, 20, 0, 6, 11, 1, 8, 2, 7]]",r,13
7_3,7_3m,"[[64, 29, 51, 73, 47, 38, 56, 39, 48, 43, 45, 68, 49, 41, 34, 37, 53, 40, 44, 42, 52, 5, 3, 4, 66, 46, 28, 75, 36, 35, 76, 1, 72, 10, 7, 6, 78, 63, 26, 21, 0, 69, 70, 2, 71, 74, 67, 9, 8, 20, 16, 17, 18, 62, 65, 13, 11, 77, 25, 27, 19, 15, 14, 24, 58, 61, 23, 22, 33, 50, 30, 12, 57, 31, 59, 54, 32, 55, 60], [57, 59, 73, 68, 39, 34, 52, 31, 56, 45, 49, 67, 41, 37, 29, 48, 44, 36, 42, 43, 28, 3, 2, 5, 53, 40, 9, 72, 35, 58, 19, 78, 63, 1, 10, 7, 77, 0, 21, 22, 76, 75, 69, 6, 70, 71, 74, 4, 26, 8, 13, 18, 16, 25, 62, 11, 20, 17, 27, 15, 65, 12, 38, 46, 50, 60, 61, 23, 30, 66, 47, 14, 55, 24, 32, 51, 33, 54, 64]]",r,5
7_3,8_6m,"[[4, 13, 6, 10, 12, 7, 8, 9, 14, 3, 1, 2, 0, 5, 11], [11, 14, 12, 13, 9, 10, 7, 1, 3, 2, 4, 6, 5, 8, 0]]",r,9
7_3,8_7m,"[[0, 1, 3, 14, 13, 11, 4, 12, 10, 17, 9, 18, 16, 15, 19, 21, 20, 22, 2, 6, 7, 8, 5], [3, 14, 4, 13, 15, 18, 5, 19, 12, 22, 10, 16, 17, 9, 21, 20, 0, 6, 11, 1, 8, 2, 7]]",r,5
7_3,8_11,"[[8, 9, 1, 5, 6, 10, 11, 13, 15, 0, 3, 2, 7, 12, 14, 4], [10, 1, 6, 8, 11, 14, 13, 2, 12, 3, 7, 15, 4, 5, 0, 9]]",r,14
7_3,8_19,"[[14, 15, 5, 8, 9, 13, 12, 4, 0, 1, 3, 11, 2, 6, 10, 7], [0, 7, 14, 9, 1, 4, 13, 2, 3, 5, 6, 8, 15, 10, 12, 11]]",r,11
7_3,8_3,"[[44, 36, 51, 42, 49, 16, 43, 40, 37, 29, 4, 7, 6, 8, 23, 27, 26, 47, 25, 48, 10, 34, 11, 14, 24, 30, 41, 9, 15, 13, 21, 12, 18, 5, 3, 55, 56, 22, 53, 52, 50, 0, 20, 1, 2, 28, 17, 19, 54, 33, 31, 38, 32, 45, 39, 35, 46], [36, 31, 42, 46, 51, 40, 45, 37, 43, 27, 7, 6, 49, 9, 29, 22, 23, 34, 30, 8, 11, 41, 12, 10, 25, 21, 24, 14, 3, 1, 18, 13, 19, 50, 5, 48, 0, 55, 56, 53, 52, 54, 28, 2, 47, 17, 16, 4, 20, 32, 33, 26, 35, 44, 38, 39, 15]]",r,4
7_3,8_9,"[[44, 36, 51, 42, 49, 16, 43, 40, 37, 29, 4, 7, 6, 8, 23, 27, 26, 47, 25, 48, 10, 34, 11, 14, 24, 30, 41, 9, 15, 13, 21, 12, 18, 5, 3, 55, 56, 22, 53, 52, 50, 0, 20, 1, 2, 28, 17, 19, 54, 33, 31, 38, 32, 45, 39, 35, 46], [36, 31, 42, 46, 51, 40, 45, 37, 43, 27, 7, 6, 49, 9, 29, 22, 23, 34, 30, 8, 11, 41, 12, 10, 25, 21, 24, 14, 3, 1, 18, 13, 19, 50, 5, 48, 0, 55, 56, 53, 52, 54, 28, 2, 47, 17, 16, 4, 20, 32, 33, 26, 35, 44, 38, 39, 15]]",r,35
7_3,8_19m,"[[3, 18, 17, 44, 11, 55, 51, 53, 47, 40, 14, 12, 10, 20, 41, 43, 30, 32, 28, 27, 2, 7, 57, 49, 48, 39, 31, 36, 0, 5, 34, 23, 42, 33, 24, 25, 50, 1, 52, 26, 54, 35, 29, 19, 45, 46, 4, 38, 58, 37, 21, 22, 6, 15, 16, 8, 9, 13, 56], [11, 17, 14, 55, 18, 20, 53, 8, 40, 41, 10, 58, 12, 51, 42, 26, 31, 13, 27, 30, 57, 5, 0, 50, 49, 48, 39, 28, 7, 34, 36, 24, 38, 35, 25, 33, 52, 45, 43, 23, 32, 47, 4, 29, 46, 19, 6, 37, 1, 56, 44, 15, 54, 16, 21, 9, 2, 22, 3]]",c,4
7_4,0_1,"[[5, 13, 6, 14, 16, 17, 1, 10, 0, 7, 15, 2, 12, 11, 3, 8, 9, 4], [16, 4, 7, 12, 17, 9, 5, 13, 15, 2, 1, 14, 8, 10, 11, 0, 3, 6]]",r,1
7_4,7_7m,"[[16, 1, 4, 13, 14, 15, 10, 7, 8, 2, 11, 3, 5, 17, 6, 0, 9, 12], [15, 6, 16, 17, 12, 11, 14, 8, 9, 5, 1, 10, 7, 2, 3, 4, 0, 13]]",r,16
7_4,8_4,"[[5, 13, 6, 14, 16, 17, 1, 10, 0, 7, 15, 2, 12, 11, 3, 8, 9, 4], [16, 4, 7, 12, 17, 9, 5, 13, 15, 2, 1, 14, 8, 10, 11, 0, 3, 6]]",r,9
7_4,8_5m,"[[5, 13, 6, 14, 16, 17, 1, 10, 0, 7, 15, 2, 12, 11, 3, 8, 9, 4], [16, 4, 7, 12, 17, 9, 5, 13, 15, 2, 1, 14, 8, 10, 11, 0, 3, 6]]",r,16
7_4,8_13m,"[[4, 9, 7, 13, 8, 15, 18, 19, 11, 17, 3, 1, 12, 14, 5, 10, 16, 6, 2, 0], [14, 1, 8, 15, 5, 2, 12, 16, 13, 19, 17, 3, 6, 11, 9, 4, 18, 10, 0, 7]]",r,2
7_4,8_16,"[[10, 15, 0, 1, 13, 14, 4, 11, 12, 7, 9, 8, 6, 3, 5, 2], [4, 1, 2, 0, 15, 6, 12, 13, 8, 9, 11, 5, 7, 10, 14, 3]]",c,9
7_4,3_1#3_1,"[[2, 10, 8, 3, 13, 5, 1, 12, 9, 4, 0, 6, 14, 7, 11], [5, 11, 4, 1, 2, 6, 7, 9, 10, 12, 3, 8, 13, 14, 0]]",r,4
7_4,3_1m#3_1m,"[[34, 16, 19, 6, 9, 11, 26, 22, 23, 27, 2, 18, 15, 20, 4, 8, 24, 21, 36, 37, 17, 7, 0, 42, 1, 3, 28, 5, 39, 12, 31, 29, 13, 32, 35, 30, 10, 38, 25, 33, 41, 14, 40], [28, 15, 22, 2, 12, 40, 27, 23, 25, 36, 4, 19, 7, 24, 3, 10, 8, 6, 37, 20, 13, 21, 42, 38, 17, 5, 31, 0, 35, 16, 29, 32, 11, 39, 18, 1, 14, 41, 26, 30, 33, 9, 34]]",r,11
7_4,3_1m#3_1m,"[[5, 13, 6, 14, 16, 17, 1, 10, 0, 7, 15, 2, 12, 11, 3, 8, 9, 4], [16, 4, 7, 12, 17, 9, 5, 13, 15, 2, 1, 14, 8, 10, 11, 0, 3, 6]]",r,3
7_5,3_1,"[[13, 6, 2, 5, 12, 10, 0, 8, 7, 1, 3, 15, 4, 9, 11, 14], [0, 15, 4, 10, 8, 7, 2, 6, 1, 14, 5, 13, 3, 12, 9, 11]]",r,5
7_5,8_6,"[[13, 6, 2, 5, 12, 10, 0, 8, 7, 1, 3, 15, 4, 9, 11, 14], [0, 15, 4, 10, 8, 7, 2, 6, 1, 14, 5, 13, 3, 12, 9, 11]]",r,1
7_5,8_10m,"[[4, 0, 7, 15, 11, 10, 17, 5, 13, 16, 3, 14, 6, 1, 2, 12, 8, 9], [15, 11, 4, 10, 9, 16, 2, 13, 0, 17, 14, 12, 5, 6, 1, 7, 3, 8]]",c,14
7_5,8_11m,"[[13, 7, 10, 4, 12, 14, 8, 9, 11, 3, 2, 1, 0, 6, 5], [12, 11, 7, 6, 14, 5, 1, 8, 9, 0, 13, 3, 4, 2, 10]]",r,3
7_5,8_12,"[[11, 10, 1, 0, 12, 6, 9, 5, 7, 4, 3, 14, 2, 15, 8, 13], [14, 12, 13, 9, 7, 5, 3, 2, 6, 11, 4, 8, 15, 1, 10, 0]]",c,9
7_5,8_13,"[[11, 10, 1, 0, 12, 6, 9, 5, 7, 4, 3, 14, 2, 15, 8, 13], [14, 12, 13, 9, 7, 5, 3, 2, 6, 11, 4, 8, 15, 1, 10, 0]]",r,11
7_5,8_14,"[[13, 18, 11, 7, 16, 15, 8, 14, 3, 2, 4, 1, 0, 12, 6, 5, 9, 17, 10], [7, 14, 4, 18, 1, 12, 15, 0, 8, 16, 2, 9, 6, 17, 5, 3, 13, 10, 11]]",r,0
7_5,8_17,"[[16, 2, 14, 11, 15, 8, 5, 4, 13, 10, 12, 9, 7, 6, 3, 0, 1], [5, 10, 15, 4, 16, 2, 12, 7, 8, 6, 11, 1, 9, 3, 0, 14, 13]]",r,10
7_5,8_10,"[[23, 33, 30, 1, 0, 20, 35, 26, 4, 28, 36, 19, 27, 12, 16, 17, 8, 22, 18, 7, 5, 3, 9, 14, 10, 31, 34, 21, 24, 25, 15, 6, 11, 13, 2, 29, 32], [26, 32, 29, 33, 1, 30, 31, 22, 36, 8, 35, 12, 28, 13, 15, 16, 14, 18, 17, 9, 7, 19, 0, 3, 4, 34, 11, 24, 25, 20, 10, 2, 6, 5, 21, 27, 23]]",c,2
7_6,0_1,"[[23, 40, 3, 41, 31, 30, 35, 33, 36, 10, 43, 21, 32, 18, 22, 19, 45, 6, 7, 44, 42, 1, 29, 2, 13, 20, 34, 16, 11, 14, 9, 37, 17, 8, 15, 25, 27, 12, 4, 24, 39, 38, 26, 5, 28, 0], [28, 41, 34, 39, 30, 33, 36, 35, 32, 43, 40, 24, 38, 21, 19, 18, 42, 29, 22, 45, 2, 16, 31, 1, 37, 5, 9, 17, 14, 15, 11, 3, 6, 10, 20, 4, 25, 13, 12, 8, 44, 26, 23, 0, 27, 7]]",r,42
7_6,7_7m,"[[25, 31, 32, 40, 34, 1, 29, 27, 13, 15, 10, 0, 2, 9, 23, 20, 12, 19, 24, 37, 21, 26, 22, 16, 17, 6, 33, 39, 38, 4, 28, 11, 3, 18, 35, 8, 7, 30, 5, 14, 36], [29, 25, 31, 14, 32, 33, 18, 13, 17, 16, 0, 37, 27, 2, 24, 6, 9, 21, 12, 40, 20, 30, 26, 19, 22, 3, 38, 10, 4, 36, 23, 1, 8, 39, 34, 7, 5, 35, 11, 15, 28]]",r,19
7_6,8_8,"[[36, 0, 27, 42, 38, 15, 14, 33, 18, 23, 16, 32, 49, 47, 12, 44, 17, 21, 20, 46, 50, 1, 13, 40, 31, 51, 41, 5, 8, 3, 39, 52, 7, 19, 26, 30, 34, 24, 25, 22, 4, 2, 35, 29, 10, 28, 6, 11, 9, 43, 37, 45, 48], [33, 47, 48, 10, 42, 38, 16, 32, 15, 18, 2, 11, 44, 49, 4, 17, 23, 20, 27, 45, 51, 46, 1, 31, 30, 13, 40, 3, 12, 7, 41, 50, 52, 26, 34, 24, 8, 25, 22, 19, 5, 9, 43, 28, 14, 35, 29, 21, 6, 39, 36, 37, 0]]",r,9
7_6,8_11,"[[25, 31, 32, 40, 34, 1, 29, 27, 13, 15, 10, 0, 2, 9, 23, 20, 12, 19, 24, 37, 21, 26, 22, 16, 17, 6, 33, 39, 38, 4, 28, 11, 3, 18, 35, 8, 7, 30, 5, 14, 36], [29, 25, 31, 14, 32, 33, 18, 13, 17, 16, 0, 37, 27, 2, 24, 6, 9, 21, 12, 40, 20, 30, 26, 19, 22, 3, 38, 10, 4, 36, 23, 1, 8, 39, 34, 7, 5, 35, 11, 15, 28]]",r,17
7_6,8_13m,"[[46, 12, 21, 67, 9, 39, 25, 17, 19, 56, 43, 63, 6, 37, 36, 38, 29, 30, 66, 33, 32, 26, 16, 7, 13, 35, 64, 22, 4, 1, 14, 40, 5, 34, 20, 69, 31, 2, 50, 0, 68, 57, 59, 61, 62, 45, 41, 51, 23, 65, 44, 28, 47, 54, 52, 3, 53, 42, 48, 27, 49, 70, 24, 60, 58, 55, 15, 10, 18, 8, 11], [52, 18, 22, 9, 10, 43, 26, 19, 46, 63, 25, 14, 16, 30, 37, 39, 38, 32, 64, 29, 33, 41, 21, 6, 7, 36, 4, 28, 1, 3, 40, 34, 2, 31, 0, 66, 35, 56, 45, 68, 69, 59, 61, 5, 57, 51, 12, 62, 44, 50, 49, 20, 24, 65, 48, 70, 54, 53, 47, 42, 15, 67, 23, 27, 60, 58, 8, 17, 11, 55, 13]]",r,31
7_6,8_14m,"[[25, 31, 32, 40, 34, 1, 29, 27, 13, 15, 10, 0, 2, 9, 23, 20, 12, 19, 24, 37, 21, 26, 22, 16, 17, 6, 33, 39, 38, 4, 28, 11, 3, 18, 35, 8, 7, 30, 5, 14, 36], [29, 25, 31, 14, 32, 33, 18, 13, 17, 16, 0, 37, 27, 2, 24, 6, 9, 21, 12, 40, 20, 30, 26, 19, 22, 3, 38, 10, 4, 36, 23, 1, 8, 39, 34, 7, 5, 35, 11, 15, 28]]",r,38
7_6,8_15,"[[33, 4, 2, 0, 48, 52, 51, 50, 25, 22, 23, 20, 13, 49, 47, 28, 54, 3, 38, 14, 37, 8, 6, 9, 12, 10, 31, 11, 35, 1, 24, 29, 41, 27, 40, 46, 15, 43, 45, 44, 16, 19, 21, 34, 5, 18, 17, 42, 53, 30, 39, 26, 32, 36, 7], [20, 49, 0, 7, 47, 34, 52, 51, 26, 25, 22, 23, 35, 43, 54, 38, 50, 12, 44, 2, 27, 10, 11, 8, 5, 6, 37, 14, 31, 42, 29, 3, 1, 9, 41, 40, 19, 45, 28, 46, 15, 24, 18, 33, 53, 17, 16, 39, 13, 21, 48, 36, 30, 32, 4]]",r,4
7_6,8_16m,"[[19, 40, 23, 22, 28, 30, 4, 32, 31, 35, 17, 50, 47, 3, 52, 42, 44, 14, 7, 26, 56, 5, 2, 33, 10, 1, 46, 54, 39, 29, 25, 24, 27, 57, 37, 38, 49, 41, 55, 43, 0, 21, 20, 53, 8, 36, 6, 51, 48, 9, 15, 45, 12, 11, 16, 18, 34, 13], [18, 30, 22, 28, 11, 32, 36, 31, 35, 34, 7, 3, 50, 5, 47, 40, 52, 10, 14, 39, 54, 2, 4, 26, 13, 6, 49, 1, 42, 20, 24, 29, 25, 38, 33, 37, 17, 45, 56, 41, 53, 48, 21, 55, 0, 46, 12, 43, 51, 8, 9, 44, 27, 16, 15, 23, 19, 57]]",r,24
7_6,8_19m,"[[46, 45, 23, 18, 12, 25, 21, 3, 38, 35, 32, 22, 13, 37, 34, 2, 36, 20, 50, 49, 28, 51, 15, 41, 8, 26, 5, 24, 17, 19, 48, 47, 1, 52, 16, 42, 55, 56, 0, 43, 14, 4, 53, 29, 30, 11, 10, 9, 54, 6, 7, 33, 44, 40, 39, 27, 31], [44, 46, 33, 12, 25, 21, 13, 52, 35, 45, 34, 9, 32, 38, 37, 1, 53, 22, 49, 2, 51, 41, 17, 15, 24, 5, 16, 19, 26, 20, 47, 50, 6, 48, 4, 27, 56, 54, 8, 40, 11, 0, 28, 43, 29, 10, 55, 14, 3, 7, 18, 36, 42, 39, 31, 30, 23]]",r,39
7_6,3_1m#4_1,"[[23, 40, 3, 41, 31, 30, 35, 33, 36, 10, 43, 21, 32, 18, 22, 19, 45, 6, 7, 44, 42, 1, 29, 2, 13, 20, 34, 16, 11, 14, 9, 37, 17, 8, 15, 25, 27, 12, 4, 24, 39, 38, 26, 5, 28, 0], [28, 41, 34, 39, 30, 33, 36, 35, 32, 43, 40, 24, 38, 21, 19, 18, 42, 29, 22, 45, 2, 16, 31, 1, 37, 5, 9, 17, 14, 15, 11, 3, 6, 10, 20, 4, 25, 13, 12, 8, 44, 26, 23, 0, 27, 7]]",r,34
7_6,8_12,"[[12, 7, 9, 14, 13, 4, 3, 5, 16, 6, 8, 15, 2, 1, 0, 11, 10], [11, 10, 7, 12, 8, 9, 4, 3, 15, 1, 6, 14, 0, 16, 5, 2, 13]]",r,8
7_6,8_17,"[[1, 7, 17, 4, 14, 15, 16, 12, 9, 5, 8, 11, 6, 0, 10, 3, 2, 13], [2, 3, 0, 16, 17, 13, 15, 8, 7, 14, 11, 6, 5, 1, 9, 12, 4, 10]]",r,13
7_7,8_13,"[[8, 17, 21, 10, 19, 9, 12, 0, 20, 3, 6, 2, 14, 5, 18, 13, 16, 15, 7, 1, 11, 4], [7, 19, 5, 17, 9, 12, 13, 10, 0, 18, 2, 1, 20, 6, 11, 3, 14, 16, 21, 15, 4, 8]]",r,8
7_7,8_14,"[[8, 17, 21, 10, 19, 9, 12, 0, 20, 3, 6, 2, 14, 5, 18, 13, 16, 15, 7, 1, 11, 4], [7, 19, 5, 17, 9, 12, 13, 10, 0, 18, 2, 1, 20, 6, 11, 3, 14, 16, 21, 15, 4, 8]]",r,15
7_7,8_15,"[[5, 11, 3, 2, 16, 9, 1, 17, 8, 12, 7, 13, 15, 10, 6, 4, 14, 0], [15, 3, 2, 1, 8, 13, 17, 14, 7, 9, 5, 6, 11, 0, 4, 16, 10, 12]]",r,12
7_7,8_16m,"[[8, 17, 21, 10, 19, 9, 12, 0, 20, 3, 6, 2, 14, 5, 18, 13, 16, 15, 7, 1, 11, 4], [7, 19, 5, 17, 9, 12, 13, 10, 0, 18, 2, 1, 20, 6, 11, 3, 14, 16, 21, 15, 4, 8]]",r,1
7_7,8_18,"[[13, 2, 4, 7, 14, 5, 16, 18, 15, 9, 8, 3, 1, 12, 10, 0, 17, 6, 11], [15, 11, 18, 3, 0, 8, 14, 5, 4, 17, 9, 1, 16, 10, 13, 2, 7, 12, 6]]",c,1
7_7,3_1#3_1,"[[8, 17, 21, 10, 19, 9, 12, 0, 20, 3, 6, 2, 14, 5, 18, 13, 16, 15, 7, 1, 11, 4], [7, 19, 5, 17, 9, 12, 13, 10, 0, 18, 2, 1, 20, 6, 11, 3, 14, 16, 21, 15, 4, 8]]",r,0
7_7,8_4,"[[1, 35, 16, 38, 9, 3, 15, 42, 12, 37, 17, 20, 31, 27, 39, 14, 13, 25, 10, 5, 2, 29, 24, 0, 4, 26, 22, 21, 8, 18, 11, 6, 23, 41, 7, 19, 30, 28, 40, 32, 36, 33, 34], [42, 34, 3, 35, 16, 5, 7, 15, 13, 1, 12, 14, 32, 39, 37, 9, 20, 6, 0, 10, 26, 24, 18, 4, 2, 31, 8, 22, 11, 17, 19, 21, 40, 27, 23, 28, 29, 30, 25, 33, 38, 36, 41]]",r,12
8_1,8_21m,"[[1, 10, 5, 3, 6, 9, 8, 2, 0, 12, 11, 4, 7], [4, 0, 8, 11, 7, 6, 12, 9, 2, 1, 5, 10, 3]]",c,9
8_1,3_1#5_1m,"[[7, 13, 11, 12, 16, 5, 4, 14, 8, 15, 6, 10, 1, 17, 18, 9, 2, 0, 3], [6, 7, 14, 17, 13, 4, 15, 16, 9, 12, 8, 5, 10, 18, 3, 1, 0, 11, 2]]",r,3
8_1,3_1m#5_2,"[[6, 11, 12, 0, 4, 16, 7, 8, 2, 3, 5, 10, 13, 9, 14, 15, 1], [13, 6, 1, 4, 14, 3, 0, 9, 8, 2, 11, 7, 10, 5, 12, 16, 15]]",c,6
8_1,7_6,"[[0, 4, 17, 2, 8, 6, 7, 14, 15, 11, 3, 13, 10, 5, 20, 9, 18, 19, 16, 1, 21, 12], [1, 0, 7, 6, 4, 9, 3, 11, 13, 10, 15, 2, 8, 18, 14, 5, 12, 20, 17, 21, 16, 19]]",c,5
8_1,6_3,"[[15, 14, 3, 5, 13, 4, 6, 1, 2, 9, 7, 11, 10, 0, 8, 12], [11, 1, 5, 12, 15, 6, 2, 3, 7, 4, 10, 8, 0, 14, 9, 13]]",r,14
8_1,6_2,"[[18, 36, 35, 45, 5, 48, 8, 54, 1, 52, 50, 4, 14, 20, 13, 0, 21, 22, 23, 9, 27, 37, 26, 40, 24, 49, 12, 28, 19, 17, 16, 15, 55, 2, 25, 29, 3, 33, 32, 34, 53, 56, 31, 47, 46, 38, 42, 30, 43, 39, 44, 51, 6, 10, 7, 11, 41], [14, 28, 36, 41, 35, 55, 5, 50, 45, 4, 52, 8, 9, 26, 37, 54, 20, 21, 22, 1, 13, 2, 27, 49, 19, 53, 24, 40, 18, 16, 12, 17, 15, 25, 31, 3, 10, 34, 29, 32, 51, 0, 30, 44, 33, 23, 38, 48, 42, 43, 46, 39, 56, 11, 6, 7, 47]]",c,28
8_10,0_1,"[[15, 9, 26, 47, 11, 48, 33, 22, 29, 34, 45, 28, 37, 35, 1, 42, 41, 44, 25, 32, 38, 23, 24, 18, 46, 49, 7, 19, 8, 2, 4, 27, 16, 50, 17, 53, 5, 39, 10, 13, 36, 3, 0, 43, 52, 20, 6, 31, 40, 30, 21, 12, 14, 51], [14, 15, 33, 51, 12, 49, 37, 26, 22, 35, 44, 29, 45, 28, 34, 48, 31, 42, 41, 30, 25, 38, 32, 21, 27, 19, 8, 18, 4, 24, 10, 36, 53, 47, 16, 5, 1, 50, 17, 0, 7, 2, 52, 6, 3, 39, 9, 46, 43, 40, 13, 20, 11, 23]]",r,25
8_10,8_7m,"[[14, 19, 36, 1, 44, 12, 39, 17, 13, 28, 10, 23, 34, 7, 45, 11, 37, 41, 25, 16, 38, 22, 21, 24, 27, 20, 18, 40, 31, 29, 35, 30, 33, 3, 6, 32, 5, 4, 0, 43, 15, 9, 26, 42, 2, 8], [11, 14, 37, 38, 1, 39, 34, 13, 12, 19, 17, 16, 40, 15, 2, 9, 10, 42, 23, 45, 26, 28, 29, 0, 25, 21, 20, 35, 33, 24, 18, 31, 32, 6, 5, 41, 30, 3, 4, 27, 22, 44, 36, 43, 8, 7]]",c,18
8_10,8_11m,"[[15, 9, 26, 47, 11, 48, 33, 22, 29, 34, 45, 28, 37, 35, 1, 42, 41, 44, 25, 32, 38, 23, 24, 18, 46, 49, 7, 19, 8, 2, 4, 27, 16, 50, 17, 53, 5, 39, 10, 13, 36, 3, 0, 43, 52, 20, 6, 31, 40, 30, 21, 12, 14, 51], [14, 15, 33, 51, 12, 49, 37, 26, 22, 35, 44, 29, 45, 28, 34, 48, 31, 42, 41, 30, 25, 38, 32, 21, 27, 19, 8, 18, 4, 24, 10, 36, 53, 47, 16, 5, 1, 50, 17, 0, 7, 2, 52, 6, 3, 39, 9, 46, 43, 40, 13, 20, 11, 23]]",r,2
8_10,8_12,"[[3, 37, 20, 30, 11, 31, 1, 43, 9, 5, 18, 6, 4, 17, 15, 13, 24, 2, 25, 27, 26, 21, 14, 22, 0, 10, 39, 41, 38, 40, 12, 42, 16, 34, 7, 35, 32, 19, 8, 33, 29, 23, 28, 36], [20, 33, 23, 37, 18, 24, 9, 1, 11, 6, 15, 4, 2, 7, 17, 27, 22, 43, 5, 25, 13, 26, 21, 10, 14, 29, 3, 40, 42, 0, 39, 41, 19, 35, 12, 31, 34, 30, 32, 36, 28, 8, 16, 38]]",c,18
8_10,8_13,"[[34, 19, 17, 38, 35, 21, 41, 18, 26, 5, 46, 22, 16, 23, 15, 40, 33, 12, 8, 37, 30, 42, 51, 55, 32, 4, 31, 43, 3, 29, 53, 1, 14, 9, 10, 47, 25, 54, 44, 2, 45, 48, 49, 24, 50, 0, 13, 6, 7, 52, 11, 20, 27, 39, 28, 36], [27, 17, 13, 36, 39, 52, 38, 19, 18, 2, 21, 26, 23, 14, 16, 41, 22, 15, 12, 33, 29, 40, 37, 51, 30, 32, 25, 49, 4, 31, 54, 50, 10, 5, 9, 44, 53, 55, 43, 42, 47, 46, 48, 6, 45, 3, 7, 1, 11, 8, 20, 24, 0, 28, 34, 35]]",r,43
8_10,8_20m,"[[15, 9, 26, 47, 11, 48, 33, 22, 29, 34, 45, 28, 37, 35, 1, 42, 41, 44, 25, 32, 38, 23, 24, 18, 46, 49, 7, 19, 8, 2, 4, 27, 16, 50, 17, 53, 5, 39, 10, 13, 36, 3, 0, 43, 52, 20, 6, 31, 40, 30, 21, 12, 14, 51], [14, 15, 33, 51, 12, 49, 37, 26, 22, 35, 44, 29, 45, 28, 34, 48, 31, 42, 41, 30, 25, 38, 32, 21, 27, 19, 8, 18, 4, 24, 10, 36, 53, 47, 16, 5, 1, 50, 17, 0, 7, 2, 52, 6, 3, 39, 9, 46, 43, 40, 13, 20, 11, 23]]",r,3
8_10,0_1,"[[15, 9, 26, 47, 11, 48, 33, 22, 29, 34, 45, 28, 37, 35, 1, 42, 41, 44, 25, 32, 38, 23, 24, 18, 46, 49, 7, 19, 8, 2, 4, 27, 16, 50, 17, 53, 5, 39, 10, 13, 36, 3, 0, 43, 52, 20, 6, 31, 40, 30, 21, 12, 14, 51], [14, 15, 33, 51, 12, 49, 37, 26, 22, 35, 44, 29, 45, 28, 34, 48, 31, 42, 41, 30, 25, 38, 32, 21, 27, 19, 8, 18, 4, 24, 10, 36, 53, 47, 16, 5, 1, 50, 17, 0, 7, 2, 52, 6, 3, 39, 9, 46, 43, 40, 13, 20, 11, 23]]",r,25
8_11,0_1,"[[47, 36, 51, 9, 2, 4, 55, 42, 11, 41, 18, 20, 52, 54, 21, 14, 26, 19, 13, 40, 5, 39, 46, 45, 22, 37, 31, 29, 25, 6, 24, 53, 1, 38, 48, 33, 7, 44, 43, 0, 8, 56, 49, 16, 27, 17, 28, 10, 32, 15, 3, 30, 34, 12, 23, 35, 50], [51, 35, 50, 5, 47, 9, 10, 39, 6, 42, 20, 23, 54, 53, 3, 19, 33, 38, 24, 46, 8, 40, 45, 25, 37, 31, 29, 26, 22, 52, 41, 44, 4, 13, 49, 7, 1, 43, 56, 2, 36, 0, 16, 17, 55, 15, 27, 12, 30, 18, 14, 28, 32, 11, 21, 34, 48]]",r,46
8_11,8_13m,"[[47, 36, 51, 9, 2, 4, 55, 42, 11, 41, 18, 20, 52, 54, 21, 14, 26, 19, 13, 40, 5, 39, 46, 45, 22, 37, 31, 29, 25, 6, 24, 53, 1, 38, 48, 33, 7, 44, 43, 0, 8, 56, 49, 16, 27, 17, 28, 10, 32, 15, 3, 30, 34, 12, 23, 35, 50], [51, 35, 50, 5, 47, 9, 10, 39, 6, 42, 20, 23, 54, 53, 3, 19, 33, 38, 24, 46, 8, 40, 45, 25, 37, 31, 29, 26, 22, 52, 41, 44, 4, 13, 49, 7, 1, 43, 56, 2, 36, 0, 16, 17, 55, 15, 27, 12, 30, 18, 14, 28, 32, 11, 21, 34, 48]]",c,3
8_11,8_20,"[[5, 54, 50, 51, 52, 1, 29, 37, 39, 36, 35, 38, 43, 40, 14, 28, 55, 27, 45, 48, 0, 49, 47, 41, 53, 12, 4, 44, 46, 31, 2, 10, 33, 13, 9, 7, 6, 42, 3, 34, 11, 15, 20, 18, 23, 17, 8, 21, 25, 22, 16, 26, 19, 32, 24, 30], [51, 1, 5, 52, 43, 13, 34, 35, 36, 40, 31, 37, 28, 0, 41, 27, 53, 29, 46, 49, 55, 45, 50, 44, 10, 26, 7, 42, 47, 39, 4, 23, 12, 14, 20, 54, 11, 48, 9, 33, 3, 8, 17, 24, 19, 18, 21, 25, 22, 2, 15, 6, 16, 30, 32, 38]]",r,37
8_11,3_1#3_1m,"[[47, 36, 51, 9, 2, 4, 55, 42, 11, 41, 18, 20, 52, 54, 21, 14, 26, 19, 13, 40, 5, 39, 46, 45, 22, 37, 31, 29, 25, 6, 24, 53, 1, 38, 48, 33, 7, 44, 43, 0, 8, 56, 49, 16, 27, 17, 28, 10, 32, 15, 3, 30, 34, 12, 23, 35, 50], [51, 35, 50, 5, 47, 9, 10, 39, 6, 42, 20, 23, 54, 53, 3, 19, 33, 38, 24, 46, 8, 40, 45, 25, 37, 31, 29, 26, 22, 52, 41, 44, 4, 13, 49, 7, 1, 43, 56, 2, 36, 0, 16, 17, 55, 15, 27, 12, 30, 18, 14, 28, 32, 11, 21, 34, 48]]",r,40
8_12,3_1#5_2m,"[[33, 10, 37, 14, 15, 12, 45, 0, 25, 44, 46, 29, 42, 40, 1, 9, 41, 47, 36, 4, 7, 22, 39, 31, 48, 32, 20, 26, 21, 34, 30, 13, 5, 19, 24, 43, 27, 28, 35, 16, 38, 23, 6, 2, 18, 17, 3, 8, 11], [37, 13, 25, 11, 33, 14, 9, 45, 10, 47, 42, 16, 40, 43, 46, 8, 39, 36, 41, 7, 5, 31, 32, 29, 4, 26, 28, 22, 20, 48, 24, 19, 18, 30, 27, 0, 21, 44, 38, 12, 34, 15, 35, 3, 17, 23, 6, 2, 1]]",r,24
8_12,7_4,"[[18, 35, 25, 32, 24, 55, 38, 41, 10, 13, 8, 0, 36, 9, 28, 37, 33, 63, 31, 67, 58, 1, 53, 30, 2, 64, 65, 62, 60, 59, 61, 21, 57, 54, 47, 56, 52, 34, 40, 15, 43, 17, 49, 42, 26, 66, 46, 51, 44, 50, 45, 48, 11, 12, 14, 5, 16, 4, 19, 27, 6, 7, 39, 23, 22, 3, 29, 20], [9, 26, 32, 29, 25, 38, 36, 40, 13, 41, 6, 63, 24, 8, 54, 33, 31, 49, 30, 2, 53, 67, 4, 28, 59, 58, 64, 60, 61, 62, 65, 15, 0, 1, 17, 57, 56, 21, 47, 52, 42, 11, 46, 37, 34, 55, 51, 50, 45, 48, 43, 44, 14, 20, 12, 66, 10, 19, 16, 18, 3, 5, 22, 27, 23, 7, 35, 39]]",c,54
8_13,8_14,"[[25, 43, 47, 13, 21, 41, 16, 10, 8, 28, 9, 4, 12, 7, 22, 18, 20, 2, 46, 29, 15, 0, 14, 6, 17, 38, 49, 42, 35, 36, 33, 39, 19, 27, 34, 37, 11, 31, 1, 30, 26, 45, 32, 23, 44, 48, 40, 5, 3, 24], [31, 44, 48, 40, 16, 24, 13, 5, 11, 43, 12, 8, 18, 2, 9, 10, 36, 1, 0, 46, 19, 6, 15, 7, 14, 49, 4, 38, 33, 34, 28, 35, 21, 26, 37, 39, 17, 27, 22, 42, 30, 47, 29, 32, 45, 3, 23, 20, 41, 25]]",r,8
8_13,8_17,"[[25, 43, 47, 13, 21, 41, 16, 10, 8, 28, 9, 4, 12, 7, 22, 18, 20, 2, 46, 29, 15, 0, 14, 6, 17, 38, 49, 42, 35, 36, 33, 39, 19, 27, 34, 37, 11, 31, 1, 30, 26, 45, 32, 23, 44, 48, 40, 5, 3, 24], [31, 44, 48, 40, 16, 24, 13, 5, 11, 43, 12, 8, 18, 2, 9, 10, 36, 1, 0, 46, 19, 6, 15, 7, 14, 49, 4, 38, 33, 34, 28, 35, 21, 26, 37, 39, 17, 27, 22, 42, 30, 47, 29, 32, 45, 3, 23, 20, 41, 25]]",r,47
8_13,3_1#4_1,"[[25, 43, 47, 13, 21, 41, 16, 10, 8, 28, 9, 4, 12, 7, 22, 18, 20, 2, 46, 29, 15, 0, 14, 6, 17, 38, 49, 42, 35, 36, 33, 39, 19, 27, 34, 37, 11, 31, 1, 30, 26, 45, 32, 23, 44, 48, 40, 5, 3, 24], [31, 44, 48, 40, 16, 24, 13, 5, 11, 43, 12, 8, 18, 2, 9, 10, 36, 1, 0, 46, 19, 6, 15, 7, 14, 49, 4, 38, 33, 34, 28, 35, 21, 26, 37, 39, 17, 27, 22, 42, 30, 47, 29, 32, 45, 3, 23, 20, 41, 25]]",r,38
8_13,3_1m,"[[25, 43, 47, 13, 21, 41, 16, 10, 8, 28, 9, 4, 12, 7, 22, 18, 20, 2, 46, 29, 15, 0, 14, 6, 17, 38, 49, 42, 35, 36, 33, 39, 19, 27, 34, 37, 11, 31, 1, 30, 26, 45, 32, 23, 44, 48, 40, 5, 3, 24], [31, 44, 48, 40, 16, 24, 13, 5, 11, 43, 12, 8, 18, 2, 9, 10, 36, 1, 0, 46, 19, 6, 15, 7, 14, 49, 4, 38, 33, 34, 28, 35, 21, 26, 37, 39, 17, 27, 22, 42, 30, 47, 29, 32, 45, 3, 23, 20, 41, 25]]",r,9
8_14,0_1,"[[18, 10, 0, 24, 23, 26, 29, 28, 2, 6, 12, 19, 15, 1, 11, 8, 30, 22, 20, 21, 3, 27, 4, 17, 16, 13, 7, 5, 31, 9, 25, 14], [23, 31, 24, 29, 6, 20, 1, 26, 28, 9, 15, 14, 16, 3, 12, 7, 19, 30, 18, 17, 2, 22, 27, 11, 25, 0, 5, 21, 13, 8, 4, 10]]",r,24
8_14,8_16,"[[17, 23, 40, 1, 5, 20, 35, 19, 34, 36, 32, 24, 31, 7, 22, 43, 18, 42, 33, 29, 2, 10, 12, 3, 41, 39, 26, 46, 44, 38, 37, 21, 30, 28, 14, 15, 25, 13, 9, 11, 4, 8, 0, 45, 27, 6, 16], [19, 21, 35, 44, 1, 18, 34, 32, 42, 37, 31, 22, 36, 10, 43, 38, 7, 6, 24, 2, 0, 23, 41, 16, 40, 26, 28, 15, 39, 27, 29, 45, 33, 25, 9, 14, 30, 12, 11, 13, 3, 4, 20, 5, 46, 8, 17]]",r,17
8_14,8_19,"[[21, 7, 36, 12, 2, 34, 42, 37, 27, 31, 60, 28, 59, 58, 30, 32, 63, 61, 10, 54, 65, 9, 0, 55, 25, 26, 24, 22, 23, 62, 51, 16, 20, 18, 56, 38, 40, 57, 39, 43, 19, 49, 47, 44, 45, 33, 48, 46, 1, 53, 5, 6, 8, 50, 52, 4, 29, 64, 15, 3, 17, 41, 13, 11, 35, 14], [13, 2, 21, 14, 12, 32, 36, 30, 28, 42, 58, 60, 9, 55, 27, 31, 0, 59, 11, 61, 10, 63, 65, 62, 22, 29, 25, 26, 34, 54, 57, 19, 16, 24, 46, 44, 48, 20, 43, 40, 23, 47, 39, 56, 64, 37, 45, 49, 33, 51, 1, 5, 6, 52, 53, 3, 50, 4, 17, 7, 41, 35, 8, 15, 38, 18]]",c,34
8_14,3_1#4_1,"[[18, 10, 0, 24, 23, 26, 29, 28, 2, 6, 12, 19, 15, 1, 11, 8, 30, 22, 20, 21, 3, 27, 4, 17, 16, 13, 7, 5, 31, 9, 25, 14], [23, 31, 24, 29, 6, 20, 1, 26, 28, 9, 15, 14, 16, 3, 12, 7, 19, 30, 18, 17, 2, 22, 27, 11, 25, 0, 5, 21, 13, 8, 4, 10]]",r,30
8_14,3_1m,"[[16, 22, 23, 21, 11, 43, 14, 34, 24, 26, 32, 37, 25, 8, 6, 7, 36, 38, 49, 31, 0, 13, 48, 42, 40, 10, 15, 27, 41, 9, 20, 46, 18, 17, 33, 5, 4, 45, 47, 29, 1, 28, 3, 2, 30, 35, 12, 19, 39, 44], [35, 23, 19, 27, 21, 26, 32, 14, 6, 25, 12, 41, 24, 7, 8, 34, 48, 4, 42, 36, 49, 28, 38, 40, 37, 13, 10, 33, 46, 5, 18, 31, 17, 11, 39, 20, 9, 22, 1, 30, 29, 0, 47, 3, 15, 2, 45, 16, 44, 43]]",r,18
8_15,8_21,"[[55, 54, 50, 74, 8, 39, 40, 77, 3, 56, 60, 33, 32, 36, 28, 49, 46, 35, 45, 64, 41, 57, 63, 66, 59, 58, 47, 44, 61, 11, 73, 51, 4, 52, 70, 71, 72, 65, 53, 62, 17, 67, 38, 14, 68, 43, 29, 25, 18, 42, 24, 26, 23, 16, 22, 69, 75, 78, 1, 2, 30, 13, 19, 6, 5, 27, 7, 12, 15, 10, 31, 0, 9, 34, 37, 20, 21, 76, 48], [54, 50, 74, 0, 77, 36, 49, 3, 2, 55, 56, 32, 29, 35, 33, 46, 28, 40, 57, 59, 44, 63, 64, 68, 58, 66, 45, 47, 60, 4, 61, 65, 19, 51, 67, 72, 39, 62, 43, 53, 14, 71, 11, 26, 70, 76, 73, 27, 16, 41, 25, 24, 42, 17, 23, 75, 78, 18, 69, 1, 31, 8, 7, 9, 6, 30, 5, 13, 12, 15, 21, 48, 10, 37, 38, 22, 20, 34, 52]]",r,17
8_15,3_1m#3_1m,"[[55, 54, 50, 74, 8, 39, 40, 77, 3, 56, 60, 33, 32, 36, 28, 49, 46, 35, 45, 64, 41, 57, 63, 66, 59, 58, 47, 44, 61, 11, 73, 51, 4, 52, 70, 71, 72, 65, 53, 62, 17, 67, 38, 14, 68, 43, 29, 25, 18, 42, 24, 26, 23, 16, 22, 69, 75, 78, 1, 2, 30, 13, 19, 6, 5, 27, 7, 12, 15, 10, 31, 0, 9, 34, 37, 20, 21, 76, 48], [54, 50, 74, 0, 77, 36, 49, 3, 2, 55, 56, 32, 29, 35, 33, 46, 28, 40, 57, 59, 44, 63, 64, 68, 58, 66, 45, 47, 60, 4, 61, 65, 19, 51, 67, 72, 39, 62, 43, 53, 14, 71, 11, 26, 70, 76, 73, 27, 16, 41, 25, 24, 42, 17, 23, 75, 78, 18, 69, 1, 31, 8, 7, 9, 6, 30, 5, 13, 12, 15, 21, 48, 10, 37, 38, 22, 20, 34, 52]]",c,49
8_15,3_1m,"[[55, 54, 50, 74, 8, 39, 40, 77, 3, 56, 60, 33, 32, 36, 28, 49, 46, 35, 45, 64, 41, 57, 63, 66, 59, 58, 47, 44, 61, 11, 73, 51, 4, 52, 70, 71, 72, 65, 53, 62, 17, 67, 38, 14, 68, 43, 29, 25, 18, 42, 24, 26, 23, 16, 22, 69, 75, 78, 1, 2, 30, 13, 19, 6, 5, 27, 7, 12, 15, 10, 31, 0, 9, 34, 37, 20, 21, 76, 48], [54, 50, 74, 0, 77, 36, 49, 3, 2, 55, 56, 32, 29, 35, 33, 46, 28, 40, 57, 59, 44, 63, 64, 68, 58, 66, 45, 47, 60, 4, 61, 65, 19, 51, 67, 72, 39, 62, 43, 53, 14, 71, 11, 26, 70, 76, 73, 27, 16, 41, 25, 24, 42, 17, 23, 75, 78, 18, 69, 1, 31, 8, 7, 9, 6, 30, 5, 13, 12, 15, 21, 48, 10, 37, 38, 22, 20, 34, 52]]",c,76
8_15,7_1,"[[29, 23, 15, 37, 10, 13, 2, 19, 20, 4, 14, 40, 18, 11, 16, 8, 6, 36, 7, 50, 52, 49, 45, 1, 30, 33, 31, 46, 3, 41, 48, 0, 51, 27, 24, 21, 47, 32, 5, 44, 39, 34, 35, 12, 28, 25, 43, 42, 38, 22, 17, 26, 9], [47, 15, 13, 29, 6, 20, 38, 14, 19, 2, 10, 18, 11, 16, 8, 37, 9, 33, 36, 49, 50, 44, 52, 7, 31, 28, 4, 45, 51, 40, 0, 3, 46, 48, 27, 24, 42, 30, 41, 32, 43, 39, 21, 1, 35, 26, 17, 34, 25, 12, 22, 23, 5]]",r,41
8_15,8_4m,"[[6, 24, 0, 19, 3, 16, 43, 12, 44, 23, 22, 13, 21, 47, 18, 40, 42, 41, 10, 37, 48, 39, 29, 28, 7, 27, 11, 5, 31, 45, 14, 1, 32, 33, 2, 25, 9, 8, 36, 34, 4, 35, 17, 38, 20, 30, 46, 15, 26], [15, 6, 46, 26, 22, 20, 31, 16, 43, 24, 23, 14, 13, 44, 47, 39, 40, 42, 36, 10, 3, 37, 30, 29, 1, 28, 27, 7, 32, 48, 12, 45, 33, 25, 21, 35, 5, 9, 8, 4, 2, 34, 18, 11, 19, 41, 38, 17, 0]]",r,41
8_16,0_1,"[[21, 28, 6, 31, 23, 11, 32, 24, 64, 19, 67, 69, 61, 47, 62, 63, 59, 56, 58, 53, 55, 60, 3, 2, 50, 33, 12, 54, 26, 43, 27, 39, 37, 66, 65, 25, 68, 45, 51, 49, 48, 46, 41, 42, 44, 17, 20, 18, 4, 52, 57, 5, 35, 40, 34, 1, 70, 0, 36, 30, 22, 8, 9, 10, 7, 13, 14, 15, 38, 16, 29], [22, 21, 67, 32, 24, 23, 47, 19, 62, 10, 69, 11, 64, 50, 63, 39, 58, 59, 57, 68, 65, 61, 2, 56, 20, 12, 0, 55, 54, 3, 26, 37, 33, 60, 66, 27, 25, 43, 4, 48, 51, 49, 42, 44, 40, 41, 18, 17, 52, 53, 46, 8, 34, 35, 45, 5, 1, 70, 38, 29, 31, 30, 7, 9, 14, 28, 15, 16, 6, 13, 36]]",c,24
8_16,8_20m,"[[29, 3, 6, 54, 20, 37, 0, 13, 50, 5, 9, 2, 27, 33, 8, 49, 35, 1, 30, 22, 19, 11, 26, 42, 16, 7, 39, 15, 51, 38, 44, 46, 14, 43, 31, 47, 53, 40, 24, 21, 4, 25, 32, 41, 10, 23, 18, 28, 45, 34, 52, 17, 12, 36, 48], [52, 2, 20, 50, 12, 9, 54, 15, 49, 3, 8, 6, 7, 29, 13, 48, 39, 11, 26, 30, 22, 5, 33, 1, 38, 14, 46, 16, 47, 35, 42, 44, 53, 51, 27, 34, 36, 43, 31, 24, 10, 23, 25, 28, 40, 21, 19, 32, 41, 17, 0, 18, 4, 37, 45]]",r,4
8_16,4_1,"[[29, 3, 6, 54, 20, 37, 0, 13, 50, 5, 9, 2, 27, 33, 8, 49, 35, 1, 30, 22, 19, 11, 26, 42, 16, 7, 39, 15, 51, 38, 44, 46, 14, 43, 31, 47, 53, 40, 24, 21, 4, 25, 32, 41, 10, 23, 18, 28, 45, 34, 52, 17, 12, 36, 48], [52, 2, 20, 50, 12, 9, 54, 15, 49, 3, 8, 6, 7, 29, 13, 48, 39, 11, 26, 30, 22, 5, 33, 1, 38, 14, 46, 16, 47, 35, 42, 44, 53, 51, 27, 34, 36, 43, 31, 24, 10, 23, 25, 28, 40, 21, 19, 32, 41, 17, 0, 18, 4, 37, 45]]",r,17
8_17,8_21,"[[42, 46, 7, 38, 1, 21, 3, 30, 25, 29, 27, 13, 8, 22, 2, 5, 4, 6, 23, 0, 18, 9, 14, 17, 45, 41, 10, 34, 20, 12, 19, 24, 39, 26, 37, 36, 43, 44, 35, 28, 33, 16, 31, 40, 32, 11, 15], [46, 45, 1, 36, 19, 18, 34, 32, 26, 27, 25, 3, 23, 21, 5, 0, 6, 8, 22, 4, 29, 11, 10, 2, 28, 9, 24, 31, 17, 7, 42, 20, 43, 30, 41, 13, 44, 37, 33, 14, 39, 12, 35, 38, 40, 15, 16]]",c,28
8_18,8_21,"[[15, 18, 8, 6, 7, 16, 1, 4, 11, 2, 0, 20, 14, 19, 9, 3, 10, 5, 13, 12, 17], [7, 17, 18, 0, 4, 5, 15, 2, 13, 19, 20, 14, 16, 6, 10, 1, 8, 9, 3, 11, 12]]",r,4
8_19,0_1,"[[10, 11, 9, 2, 0, 5, 3, 6, 4, 7, 1, 8], [1, 4, 7, 6, 5, 3, 8, 9, 10, 0, 2, 11]]",r,0
8_19,8_21,"[[11, 3, 2, 5, 6, 8, 7, 0, 10, 12, 9, 1, 4], [7, 9, 0, 12, 8, 3, 2, 10, 1, 4, 5, 6, 11]]",c,10
8_2,8_7m,"[[7, 17, 3, 16, 14, 9, 13, 15, 0, 12, 6, 2, 8, 11, 1, 5, 10, 4], [10, 3, 5, 1, 17, 16, 7, 14, 15, 0, 13, 4, 9, 12, 2, 8, 11, 6]]",r,13
8_2,8_13,"[[15, 13, 11, 9, 7, 4, 1, 2, 0, 10, 5, 8, 3, 14, 12, 6], [8, 3, 15, 12, 11, 9, 10, 7, 1, 2, 0, 14, 6, 13, 5, 4]]",r,10
8_2,8_14,"[[14, 8, 11, 7, 13, 1, 17, 18, 19, 22, 0, 2, 20, 6, 3, 16, 15, 23, 5, 21, 10, 4, 12, 9], [12, 7, 14, 5, 9, 13, 4, 17, 10, 19, 23, 1, 2, 3, 0, 22, 18, 16, 15, 20, 21, 6, 8, 11]]",c,14
8_2,8_10,"[[23, 35, 5, 6, 22, 28, 25, 36, 1, 4, 21, 2, 9, 31, 18, 26, 33, 12, 20, 8, 0, 37, 32, 27, 29, 30, 34, 13, 24, 14, 17, 15, 19, 3, 11, 7, 16, 10], [22, 21, 4, 7, 28, 27, 36, 1, 2, 17, 8, 9, 6, 18, 23, 37, 32, 14, 26, 12, 33, 0, 3, 20, 24, 31, 5, 11, 10, 15, 30, 19, 16, 35, 34, 13, 29, 25]]",c,13
8_2,6_2m,"[[3, 9, 16, 12, 14, 13, 11, 15, 0, 10, 8, 5, 6, 2, 4, 1, 7, 17], [2, 11, 3, 0, 16, 17, 14, 4, 13, 15, 10, 8, 7, 12, 6, 5, 9, 1]]",r,1
8_2,7_5,"[[2, 5, 16, 15, 14, 19, 18, 13, 17, 20, 12, 10, 11, 4, 3, 7, 1, 0, 9, 6, 8], [9, 7, 5, 2, 16, 17, 19, 10, 20, 8, 15, 12, 4, 3, 14, 6, 13, 18, 0, 1, 11]]",c,2
8_2,7_5m,"[[5, 39, 35, 30, 26, 27, 3, 32, 6, 22, 25, 1, 20, 14, 31, 33, 40, 24, 38, 10, 11, 36, 28, 8, 19, 18, 9, 34, 0, 21, 16, 37, 29, 23, 12, 4, 7, 15, 13, 17, 2], [0, 6, 31, 25, 5, 39, 1, 35, 32, 10, 27, 21, 9, 20, 38, 24, 7, 22, 36, 14, 28, 37, 33, 13, 30, 19, 8, 40, 12, 26, 34, 2, 23, 3, 4, 16, 11, 17, 15, 18, 29]]",r,5
8_20,0_1,"[[0, 3, 2, 16, 9, 14, 1, 10, 8, 7, 17, 12, 5, 4, 6, 11, 13, 15], [15, 2, 14, 5, 17, 0, 3, 9, 7, 12, 1, 4, 10, 16, 8, 6, 11, 13]]",r,4
8_20,8_20m,"[[13, 15, 11, 4, 2, 6, 16, 7, 9, 10, 0, 14, 8, 12, 3, 17, 1, 5], [16, 0, 14, 1, 12, 7, 6, 10, 11, 9, 13, 17, 5, 3, 4, 8, 15, 2]]",c,7
8_20,7_2,"[[19, 33, 27, 28, 32, 25, 37, 31, 36, 35, 0, 12, 22, 17, 2, 24, 20, 18, 8, 4, 1, 9, 10, 11, 16, 29, 7, 6, 26, 15, 34, 3, 23, 14, 30, 5, 13, 21], [23, 0, 24, 18, 1, 35, 5, 28, 30, 32, 37, 17, 25, 36, 34, 20, 2, 29, 21, 10, 3, 22, 11, 12, 9, 6, 8, 7, 27, 26, 33, 4, 14, 15, 31, 13, 16, 19]]",c,28
8_3,0_1,"[[0, 5, 7, 8, 9, 3, 2, 6, 11, 10, 1, 4], [3, 7, 1, 2, 4, 8, 5, 10, 9, 0, 11, 6]]",r,2
8_3,8_20,"[[14, 18, 2, 0, 17, 12, 15, 13, 16, 1, 5, 4, 7, 10, 3, 9, 11, 8, 6], [0, 9, 11, 16, 18, 15, 13, 17, 3, 2, 4, 7, 1, 12, 8, 5, 14, 6, 10]]",r,15
8_3,3_1#5_1m,"[[0, 5, 7, 8, 9, 3, 2, 6, 11, 10, 1, 4], [3, 7, 1, 2, 4, 8, 5, 10, 9, 0, 11, 6]]",r,6
8_4,0_1,"[[17, 5, 10, 14, 4, 3, 9, 7, 12, 11, 6, 8, 2, 18, 16, 1, 0, 15, 13], [0, 17, 7, 12, 14, 4, 11, 13, 9, 8, 10, 5, 6, 3, 15, 18, 2, 1, 16]]",r,13
8_4,8_10,"[[5, 3, 15, 19, 11, 0, 7, 6, 8, 14, 13, 2, 12, 9, 10, 1, 17, 16, 4, 18], [3, 2, 0, 18, 7, 19, 8, 9, 1, 6, 15, 11, 14, 13, 12, 10, 16, 4, 5, 17]]",r,11
8_4,8_13m,"[[6, 1, 0, 3, 4, 11, 13, 17, 15, 18, 2, 14, 12, 10, 9, 8, 16, 5, 7], [5, 4, 10, 11, 13, 9, 17, 2, 1, 3, 16, 18, 15, 14, 8, 7, 0, 12, 6]]",c,12
8_4,3_1m#5_2,"[[10, 11, 9, 7, 2, 6, 17, 12, 14, 15, 18, 21, 0, 1, 3, 19, 20, 16, 4, 5, 13, 8], [8, 9, 10, 12, 11, 7, 14, 13, 6, 18, 21, 1, 2, 3, 20, 0, 16, 17, 19, 4, 5, 15]]",c,3
8_4,8_13,"[[5, 42, 32, 3, 6, 30, 38, 36, 11, 34, 39, 29, 41, 1, 26, 0, 2, 12, 33, 23, 20, 35, 37, 4, 13, 7, 24, 19, 40, 31, 10, 27, 25, 14, 15, 18, 22, 16, 21, 17, 8, 9, 28], [38, 40, 36, 6, 5, 28, 34, 12, 42, 30, 13, 39, 1, 32, 41, 9, 0, 2, 29, 35, 19, 33, 27, 31, 10, 37, 26, 24, 7, 25, 15, 18, 17, 8, 16, 20, 23, 4, 22, 11, 21, 3, 14]]",c,7
8_5,0_1,"[[4, 12, 5, 14, 11, 1, 15, 13, 6, 3, 8, 0, 10, 9, 7, 2], [0, 15, 8, 11, 2, 4, 3, 1, 13, 9, 10, 5, 12, 14, 6, 7]]",r,1
8_5,8_8,"[[15, 4, 13, 9, 17, 0, 16, 1, 2, 12, 6, 5, 10, 8, 7, 3, 11, 14], [1, 3, 16, 11, 14, 17, 5, 2, 10, 7, 9, 6, 12, 13, 8, 15, 0, 4]]",r,3
8_5,8_19,"[[15, 13, 16, 5, 6, 7, 0, 8, 9, 11, 18, 10, 4, 17, 14, 12, 3, 1, 2], [1, 8, 3, 7, 14, 13, 4, 10, 5, 15, 6, 11, 12, 16, 9, 17, 18, 2, 0]]",r,12
8_5,3_1m#4_1,"[[9, 3, 25, 2, 29, 23, 0, 28, 5, 1, 24, 6, 26, 14, 8, 22, 18, 15, 16, 17, 19, 20, 10, 21, 11, 13, 12, 4, 27, 7], [15, 2, 23, 0, 1, 3, 29, 26, 21, 28, 4, 5, 8, 7, 17, 24, 20, 16, 18, 22, 27, 19, 11, 10, 13, 9, 14, 12, 25, 6]]",r,0
8_5,3_1m#4_1,"[[2, 7, 6, 32, 8, 3, 20, 30, 13, 29, 26, 37, 14, 10, 35, 25, 9, 36, 38, 31, 15, 18, 43, 5, 22, 19, 41, 21, 40, 12, 28, 27, 16, 44, 1, 0, 33, 45, 23, 39, 24, 4, 11, 17, 42, 34], [3, 13, 14, 30, 2, 42, 19, 36, 15, 32, 29, 25, 10, 20, 37, 26, 17, 31, 4, 38, 16, 5, 44, 9, 21, 18, 43, 35, 41, 8, 23, 28, 27, 0, 6, 45, 12, 39, 22, 34, 40, 33, 24, 11, 1, 7]]",c,5
8_5,8_8m,"[[30, 34, 11, 8, 28, 7, 35, 33, 3, 14, 6, 20, 12, 16, 1, 19, 42, 18, 26, 25, 29, 5, 24, 23, 2, 10, 21, 13, 17, 36, 32, 31, 39, 22, 4, 15, 41, 0, 37, 38, 40, 9, 27], [33, 38, 21, 40, 24, 8, 41, 37, 6, 7, 31, 18, 16, 28, 19, 20, 1, 14, 25, 27, 42, 3, 29, 5, 0, 13, 23, 2, 10, 22, 36, 17, 4, 26, 15, 11, 30, 9, 39, 35, 32, 12, 34]]",r,37
8_6,0_1,"[[7, 35, 40, 10, 3, 8, 38, 2, 41, 18, 29, 28, 30, 42, 5, 27, 17, 4, 1, 13, 16, 23, 21, 37, 20, 6, 12, 25, 32, 24, 22, 19, 9, 14, 31, 33, 34, 26, 11, 39, 36, 0, 15], [19, 10, 41, 2, 8, 9, 17, 3, 4, 23, 36, 29, 35, 5, 6, 30, 42, 1, 16, 15, 13, 28, 27, 38, 21, 12, 7, 14, 37, 20, 24, 18, 33, 11, 32, 34, 31, 25, 22, 26, 40, 39, 0]]",c,13
8_6,8_10,"[[37, 53, 51, 1, 47, 10, 2, 52, 50, 49, 44, 38, 16, 20, 0, 9, 6, 8, 11, 13, 5, 7, 25, 23, 27, 22, 3, 19, 43, 34, 55, 35, 29, 39, 4, 46, 41, 45, 28, 21, 48, 24, 12, 18, 17, 33, 32, 30, 26, 42, 54, 15, 14, 31, 36, 40], [36, 55, 54, 48, 10, 9, 12, 53, 52, 50, 49, 19, 47, 16, 1, 5, 44, 7, 6, 8, 0, 11, 23, 22, 25, 20, 2, 21, 27, 43, 3, 34, 35, 29, 40, 45, 42, 13, 41, 28, 46, 26, 18, 14, 24, 30, 33, 31, 51, 32, 4, 17, 15, 39, 38, 37]]",r,0
8_6,8_20m,"[[23, 30, 19, 18, 14, 41, 4, 36, 16, 2, 20, 13, 10, 21, 26, 45, 46, 34, 8, 7, 6, 11, 35, 15, 1, 32, 28, 5, 38, 9, 42, 39, 33, 3, 44, 43, 0, 31, 37, 40, 24, 12, 25, 27, 29, 22, 17], [25, 29, 21, 17, 12, 36, 18, 22, 20, 9, 13, 10, 11, 26, 24, 46, 4, 41, 45, 6, 15, 8, 34, 35, 14, 5, 42, 7, 32, 3, 39, 38, 31, 16, 2, 44, 43, 37, 40, 1, 28, 19, 0, 23, 27, 30, 33]]",r,31
8_6,3_1m#5_1,"[[36, 35, 42, 33, 26, 1, 24, 9, 6, 41, 37, 23, 22, 34, 13, 18, 14, 8, 38, 7, 16, 40, 15, 39, 20, 19, 4, 2, 31, 5, 29, 28, 17, 32, 27, 25, 30, 10, 12, 21, 11, 0, 3], [32, 33, 41, 36, 0, 6, 28, 26, 14, 34, 35, 9, 23, 37, 15, 24, 16, 18, 7, 5, 13, 39, 38, 19, 21, 20, 2, 40, 30, 29, 25, 27, 22, 4, 31, 17, 1, 12, 11, 10, 3, 42, 8]]",c,28
8_6,3_1#5_2m,"[[7, 35, 40, 10, 3, 8, 38, 2, 41, 18, 29, 28, 30, 42, 5, 27, 17, 4, 1, 13, 16, 23, 21, 37, 20, 6, 12, 25, 32, 24, 22, 19, 9, 14, 31, 33, 34, 26, 11, 39, 36, 0, 15], [19, 10, 41, 2, 8, 9, 17, 3, 4, 23, 36, 29, 35, 5, 6, 30, 42, 1, 16, 15, 13, 28, 27, 38, 21, 12, 7, 14, 37, 20, 24, 18, 33, 11, 32, 34, 31, 25, 22, 26, 40, 39, 0]]",r,1
8_7,0_1,"[[9, 15, 17, 2, 18, 0, 1, 3, 16, 8, 10, 14, 7, 11, 5, 6, 4, 12, 13], [17, 18, 1, 3, 2, 12, 6, 16, 14, 11, 13, 0, 9, 10, 4, 5, 8, 7, 15]]",c,16
8_7,8_6m,"[[11, 48, 28, 14, 15, 45, 35, 5, 42, 41, 6, 2, 16, 7, 22, 18, 43, 21, 37, 23, 8, 1, 26, 20, 19, 25, 34, 0, 36, 29, 31, 30, 50, 3, 33, 32, 47, 13, 49, 9, 17, 12, 27, 46, 39, 38, 40, 4, 10, 44, 24], [22, 45, 8, 5, 14, 44, 47, 6, 41, 15, 2, 16, 11, 18, 23, 30, 42, 26, 43, 21, 37, 7, 19, 33, 20, 0, 17, 50, 3, 32, 29, 31, 38, 1, 36, 25, 49, 9, 4, 10, 12, 35, 34, 48, 13, 39, 28, 46, 24, 40, 27]]",r,35
8_7,8_9,"[[18, 20, 19, 21, 14, 16, 7, 17, 2, 11, 5, 12, 15, 9, 4, 3, 22, 0, 8, 1, 6, 10, 13], [0, 19, 3, 18, 16, 21, 8, 14, 7, 10, 9, 11, 12, 15, 22, 5, 6, 1, 4, 2, 13, 17, 20]]",r,17
8_7,8_11,"[[8, 4, 3, 10, 5, 9, 11, 14, 7, 12, 13, 6, 15, 0, 2, 1], [12, 7, 6, 4, 14, 11, 10, 13, 5, 15, 0, 8, 1, 2, 3, 9]]",r,11
8_7,8_14m,"[[2, 5, 4, 6, 7, 10, 9, 16, 15, 13, 3, 0, 1, 8, 12, 14, 11, 17], [6, 8, 10, 4, 13, 0, 7, 2, 17, 14, 12, 1, 3, 9, 11, 16, 15, 5]]",r,13
8_7,8_20,"[[22, 15, 16, 40, 38, 41, 43, 39, 23, 62, 42, 48, 34, 33, 63, 50, 60, 49, 54, 0, 44, 66, 10, 26, 65, 12, 11, 68, 31, 52, 58, 8, 46, 51, 56, 53, 55, 6, 7, 4, 57, 1, 67, 2, 59, 25, 5, 3, 30, 32, 24, 28, 21, 27, 64, 13, 20, 29, 19, 45, 47, 36, 14, 35, 18, 61, 37, 17, 9], [17, 16, 22, 43, 40, 42, 41, 38, 15, 9, 48, 50, 13, 34, 56, 46, 63, 33, 49, 60, 59, 58, 12, 8, 68, 11, 65, 66, 26, 55, 0, 10, 31, 53, 51, 52, 57, 4, 6, 3, 30, 5, 2, 1, 61, 35, 7, 14, 32, 24, 28, 29, 20, 21, 67, 64, 19, 27, 45, 47, 54, 39, 18, 37, 44, 62, 36, 25, 23]]",r,14
8_7,7_3,"[[11, 48, 28, 14, 15, 45, 35, 5, 42, 41, 6, 2, 16, 7, 22, 18, 43, 21, 37, 23, 8, 1, 26, 20, 19, 25, 34, 0, 36, 29, 31, 30, 50, 3, 33, 32, 47, 13, 49, 9, 17, 12, 27, 46, 39, 38, 40, 4, 10, 44, 24], [22, 45, 8, 5, 14, 44, 47, 6, 41, 15, 2, 16, 11, 18, 23, 30, 42, 26, 43, 21, 37, 7, 19, 33, 20, 0, 17, 50, 3, 32, 29, 31, 38, 1, 36, 25, 49, 9, 4, 10, 12, 35, 34, 48, 13, 39, 28, 46, 24, 40, 27]]",r,31
8_8,0_1,"[[7, 5, 40, 39, 43, 10, 12, 23, 21, 37, 38, 11, 14, 41, 0, 33, 31, 22, 19, 27, 34, 4, 13, 6, 15, 28, 24, 16, 25, 20, 18, 8, 9, 1, 3, 32, 30, 29, 2, 26, 17, 42, 35, 36], [5, 1, 39, 37, 16, 12, 29, 32, 31, 38, 42, 14, 23, 0, 19, 21, 34, 10, 13, 17, 41, 22, 6, 7, 8, 27, 28, 25, 24, 15, 20, 9, 11, 43, 2, 30, 3, 35, 4, 18, 26, 33, 36, 40]]",r,38
8_8,8_9,"[[5, 35, 28, 9, 12, 30, 22, 17, 52, 43, 24, 23, 19, 4, 25, 6, 21, 15, 18, 20, 16, 55, 13, 29, 31, 44, 38, 40, 36, 32, 39, 27, 8, 47, 48, 50, 11, 14, 33, 37, 34, 26, 56, 49, 1, 41, 42, 3, 2, 0, 46, 7, 10, 53, 45, 54, 51], [46, 28, 30, 51, 17, 9, 12, 5, 25, 32, 23, 26, 24, 41, 21, 4, 20, 18, 19, 15, 22, 6, 16, 36, 40, 43, 31, 42, 50, 13, 38, 8, 2, 37, 56, 48, 14, 49, 34, 33, 35, 27, 55, 52, 29, 39, 47, 10, 0, 3, 7, 11, 1, 45, 44, 53, 54]]",c,8
8_8,8_8m,"[[37, 42, 28, 32, 15, 17, 29, 35, 16, 23, 45, 25, 36, 39, 27, 33, 22, 18, 21, 0, 3, 19, 47, 10, 46, 20, 13, 30, 41, 26, 1, 4, 43, 2, 38, 24, 34, 31, 6, 44, 48, 5, 7, 14, 11, 8, 9, 12, 40], [5, 40, 29, 37, 35, 16, 32, 36, 2, 15, 33, 23, 39, 42, 26, 30, 3, 19, 18, 4, 0, 20, 1, 17, 47, 13, 10, 41, 43, 24, 48, 46, 27, 31, 44, 21, 38, 34, 7, 22, 8, 45, 28, 6, 9, 25, 14, 11, 12]]",c,4
8_8,8_14m,"[[7, 5, 40, 39, 43, 10, 12, 23, 21, 37, 38, 11, 14, 41, 0, 33, 31, 22, 19, 27, 34, 4, 13, 6, 15, 28, 24, 16, 25, 20, 18, 8, 9, 1, 3, 32, 30, 29, 2, 26, 17, 42, 35, 36], [5, 1, 39, 37, 16, 12, 29, 32, 31, 38, 42, 14, 23, 0, 19, 21, 34, 10, 13, 17, 41, 22, 6, 7, 8, 27, 28, 25, 24, 15, 20, 9, 11, 43, 2, 30, 3, 35, 4, 18, 26, 33, 36, 40]]",c,0
8_8,3_1#5_2,"[[7, 5, 40, 39, 43, 10, 12, 23, 21, 37, 38, 11, 14, 41, 0, 33, 31, 22, 19, 27, 34, 4, 13, 6, 15, 28, 24, 16, 25, 20, 18, 8, 9, 1, 3, 32, 30, 29, 2, 26, 17, 42, 35, 36], [5, 1, 39, 37, 16, 12, 29, 32, 31, 38, 42, 14, 23, 0, 19, 21, 34, 10, 13, 17, 41, 22, 6, 7, 8, 27, 28, 25, 24, 15, 20, 9, 11, 43, 2, 30, 3, 35, 4, 18, 26, 33, 36, 40]]",r,18
8_8,4_1#4_1,"[[16, 21, 24, 11, 18, 17, 28, 32, 25, 41, 12, 3, 1, 33, 19, 39, 20, 22, 29, 26, 31, 38, 34, 42, 40, 36, 0, 43, 35, 37, 10, 4, 23, 15, 5, 14, 30, 9, 2, 7, 27, 13, 8, 6], [17, 5, 27, 7, 16, 10, 25, 6, 26, 20, 8, 1, 18, 34, 32, 33, 12, 19, 22, 40, 42, 3, 31, 43, 39, 37, 36, 35, 38, 41, 4, 15, 21, 29, 24, 23, 28, 14, 13, 2, 30, 9, 11, 0]]",c,21
8_8,7_2,"[[0, 23, 7, 27, 26, 39, 12, 3, 11, 4, 15, 40, 37, 29, 35, 36, 46, 31, 24, 33, 38, 42, 32, 41, 30, 10, 6, 8, 13, 28, 5, 47, 44, 45, 49, 17, 20, 25, 16, 2, 18, 34, 50, 14, 22, 19, 48, 9, 1, 21, 43], [9, 27, 1, 34, 15, 40, 13, 50, 3, 37, 11, 28, 26, 39, 36, 23, 31, 29, 8, 35, 41, 38, 30, 32, 33, 14, 10, 6, 42, 5, 47, 4, 2, 49, 43, 19, 24, 18, 17, 45, 20, 22, 44, 16, 21, 0, 46, 48, 12, 25, 7]]",c,42
8_9,8_19,"[[6, 52, 50, 57, 29, 53, 34, 55, 54, 59, 43, 8, 28, 35, 45, 1, 0, 42, 41, 56, 58, 3, 4, 2, 25, 22, 46, 11, 27, 48, 7, 26, 31, 39, 30, 40, 19, 23, 33, 17, 15, 13, 9, 20, 16, 10, 12, 24, 18, 21, 14, 44, 49, 38, 37, 36, 32, 47, 51, 5], [5, 50, 51, 52, 34, 14, 54, 56, 55, 6, 42, 58, 29, 28, 1, 0, 3, 41, 40, 8, 57, 4, 2, 11, 32, 25, 43, 7, 26, 53, 22, 33, 48, 30, 31, 35, 23, 24, 19, 44, 46, 9, 17, 16, 10, 12, 13, 18, 21, 20, 15, 38, 45, 47, 39, 27, 37, 49, 59, 36]]",r,9
